played_at_utc,track_name,artist_name,ms_played,genre_bucket
2025-11-01T09:37:00Z,Rap Meri Jaan,KR$NA,200604,Mellow/Rock/Hip-Hop
2025-11-01T10:05:00Z,Mumbai 10,Divine,189595,Mellow/Rock/Hip-Hop
2025-11-01T13:14:00Z,Beautiful Creatures,Illenium,222475,EDM/Dance
2025-11-01T13:45:00Z,Rap Meri Jaan,KR$NA,232853,Mellow/Rock/Hip-Hop
2025-11-01T14:08:00Z,Holocene,Bon Iver,116868,Mellow/Rock/Hip-Hop
2025-11-01T15:51:00Z,Suno,Prabh Deep,91703,Mellow/Rock/Hip-Hop
2025-11-01T15:51:00Z,Losing It,Fisher,101390,EDM/Dance
2025-11-01T20:21:00Z,Everything In Its Right Place,Radiohead,162842,Mellow/Rock/Hip-Hop
2025-11-02T09:35:00Z,Never Sleep Alone,Kaskade,166854,EDM/Dance
2025-11-02T09:38:00Z,Fake Empire,The National,134862,Mellow/Rock/Hip-Hop
2025-11-02T10:24:00Z,Holocene,Bon Iver,162869,Mellow/Rock/Hip-Hop
2025-11-02T12:23:00Z,Mumbai 10,Divine,183132,Mellow/Rock/Hip-Hop
2025-11-02T12:29:00Z,Holocene,Bon Iver,189471,Mellow/Rock/Hip-Hop
2025-11-02T14:43:00Z,Rap Meri Jaan,KR$NA,175008,Mellow/Rock/Hip-Hop
2025-11-02T14:49:00Z,Weird Fishes/Arpeggi,Radiohead,165861,Mellow/Rock/Hip-Hop
2025-11-02T18:36:00Z,Sheikh Chilli,Raftaar,140407,Mellow/Rock/Hip-Hop
2025-11-03T08:55:00Z,Nude,Radiohead,118743,Mellow/Rock/Hip-Hop
2025-11-03T10:43:00Z,Weird Fishes/Arpeggi,Radiohead,230763,Mellow/Rock/Hip-Hop
2025-11-03T11:16:00Z,Suno,Prabh Deep,126603,Mellow/Rock/Hip-Hop
2025-11-03T15:47:00Z,Rap Meri Jaan,KR$NA,202311,Mellow/Rock/Hip-Hop
2025-11-03T17:13:00Z,Strobe,Deadmau5,220870,EDM/Dance
2025-11-03T17:25:00Z,Animals,Martin Garrix,160186,EDM/Dance
2025-11-03T18:14:00Z,Namastute,Seedhe Maut,126262,Mellow/Rock/Hip-Hop
2025-11-03T20:38:00Z,Line Of Sight,ODESZA,106653,EDM/Dance
2025-11-03T21:33:00Z,Sheikh Chilli,Raftaar,155906,Mellow/Rock/Hip-Hop
2025-11-04T07:38:00Z,Rap Meri Jaan,KR$NA,174975,Mellow/Rock/Hip-Hop
2025-11-04T09:05:00Z,Holocene,Bon Iver,217399,Mellow/Rock/Hip-Hop
2025-11-04T11:08:00Z,Rap Meri Jaan,KR$NA,214592,Mellow/Rock/Hip-Hop
2025-11-04T15:33:00Z,Everything In Its Right Place,Radiohead,200923,Mellow/Rock/Hip-Hop
2025-11-04T16:27:00Z,Nude,Radiohead,131460,Mellow/Rock/Hip-Hop
2025-11-04T16:53:00Z,Nude,Radiohead,223080,Mellow/Rock/Hip-Hop
2025-11-04T18:48:00Z,Everything In Its Right Place,Radiohead,132349,Mellow/Rock/Hip-Hop
2025-11-04T18:56:00Z,Nude,Radiohead,170612,Mellow/Rock/Hip-Hop
2025-11-04T23:48:00Z,Fake Empire,The National,136832,Mellow/Rock/Hip-Hop
2025-11-05T07:04:00Z,Holocene,Bon Iver,105433,Mellow/Rock/Hip-Hop
2025-11-05T07:37:00Z,Mumbai 10,Divine,235207,Mellow/Rock/Hip-Hop
2025-11-05T16:25:00Z,Holocene,Bon Iver,187889,Mellow/Rock/Hip-Hop
2025-11-05T21:07:00Z,Rap Meri Jaan,KR$NA,154986,Mellow/Rock/Hip-Hop
2025-11-06T09:32:00Z,Losing It,Fisher,152391,EDM/Dance
2025-11-06T10:06:00Z,Holocene,Bon Iver,202997,Mellow/Rock/Hip-Hop
2025-11-06T13:34:00Z,Suno,Prabh Deep,124684,Mellow/Rock/Hip-Hop
2025-11-06T22:15:00Z,Sheikh Chilli,Raftaar,213987,Mellow/Rock/Hip-Hop
2025-11-07T07:05:00Z,Alone,Marshmello,151965,EDM/Dance
2025-11-07T10:03:00Z,Weird Fishes/Arpeggi,Radiohead,195544,Mellow/Rock/Hip-Hop
2025-11-07T14:12:00Z,Nude,Radiohead,139862,Mellow/Rock/Hip-Hop
2025-11-07T20:11:00Z,Everything In Its Right Place,Radiohead,163018,Mellow/Rock/Hip-Hop
2025-11-07T21:51:00Z,Nude,Radiohead,234264,Mellow/Rock/Hip-Hop
2025-11-08T08:10:00Z,Namastute,Seedhe Maut,189345,Mellow/Rock/Hip-Hop
2025-11-08T08:47:00Z,Weird Fishes/Arpeggi,Radiohead,172209,Mellow/Rock/Hip-Hop
2025-11-08T15:59:00Z,Never Sleep Alone,Kaskade,209277,EDM/Dance
2025-11-08T22:09:00Z,Rap Meri Jaan,KR$NA,139780,Mellow/Rock/Hip-Hop
2025-11-09T09:38:00Z,Line Of Sight,ODESZA,107815,EDM/Dance
2025-11-09T12:03:00Z,Rap Meri Jaan,KR$NA,223124,Mellow/Rock/Hip-Hop
2025-11-09T19:07:00Z,Holocene,Bon Iver,239336,Mellow/Rock/Hip-Hop
2025-11-10T07:29:00Z,Nude,Radiohead,237585,Mellow/Rock/Hip-Hop
2025-11-10T11:42:00Z,Namastute,Seedhe Maut,168642,Mellow/Rock/Hip-Hop
2025-11-10T13:42:00Z,Fake Empire,The National,172361,Mellow/Rock/Hip-Hop
2025-11-10T20:42:00Z,Beautiful Creatures,Illenium,238170,EDM/Dance
2025-11-11T11:59:00Z,Fake Empire,The National,181490,Mellow/Rock/Hip-Hop
2025-11-11T16:39:00Z,Rap Meri Jaan,KR$NA,228658,Mellow/Rock/Hip-Hop
2025-11-11T18:18:00Z,Holocene,Bon Iver,131352,Mellow/Rock/Hip-Hop
2025-11-12T11:16:00Z,Nude,Radiohead,120258,Mellow/Rock/Hip-Hop
2025-11-12T11:17:00Z,Rap Meri Jaan,KR$NA,163860,Mellow/Rock/Hip-Hop
2025-11-12T13:43:00Z,Mumbai 10,Divine,159201,Mellow/Rock/Hip-Hop
2025-11-13T07:07:00Z,Namastute,Seedhe Maut,109724,Mellow/Rock/Hip-Hop
2025-11-13T07:21:00Z,Weird Fishes/Arpeggi,Radiohead,124293,Mellow/Rock/Hip-Hop
2025-11-13T08:53:00Z,Everything In Its Right Place,Radiohead,186787,Mellow/Rock/Hip-Hop
2025-11-13T09:40:00Z,Weird Fishes/Arpeggi,Radiohead,201037,Mellow/Rock/Hip-Hop
2025-11-13T12:47:00Z,Fake Empire,The National,205824,Mellow/Rock/Hip-Hop
2025-11-13T18:13:00Z,Weird Fishes/Arpeggi,Radiohead,155412,Mellow/Rock/Hip-Hop
2025-11-13T20:08:00Z,Everything In Its Right Place,Radiohead,100965,Mellow/Rock/Hip-Hop
2025-11-14T09:49:00Z,Fake Empire,The National,163170,Mellow/Rock/Hip-Hop
2025-11-14T11:59:00Z,Namastute,Seedhe Maut,152059,Mellow/Rock/Hip-Hop
2025-11-14T13:52:00Z,Holocene,Bon Iver,210665,Mellow/Rock/Hip-Hop
2025-11-14T14:01:00Z,Holocene,Bon Iver,140627,Mellow/Rock/Hip-Hop
2025-11-14T19:43:00Z,Rap Meri Jaan,KR$NA,230565,Mellow/Rock/Hip-Hop
2025-11-14T19:55:00Z,Nude,Radiohead,100151,Mellow/Rock/Hip-Hop
2025-11-14T20:01:00Z,Everything In Its Right Place,Radiohead,137018,Mellow/Rock/Hip-Hop
2025-11-14T20:51:00Z,Mumbai 10,Divine,155055,Mellow/Rock/Hip-Hop
2025-11-15T07:33:00Z,Namastute,Seedhe Maut,231151,Mellow/Rock/Hip-Hop
2025-11-15T10:24:00Z,Rap Meri Jaan,KR$NA,139828,Mellow/Rock/Hip-Hop
2025-11-15T12:37:00Z,Never Be Like You,Flume,159590,EDM/Dance
2025-11-15T18:27:00Z,Holocene,Bon Iver,108343,Mellow/Rock/Hip-Hop
2025-11-15T20:22:00Z,Strobe,Deadmau5,172228,EDM/Dance
2025-11-16T16:13:00Z,Fake Empire,The National,202692,Mellow/Rock/Hip-Hop
2025-11-16T16:25:00Z,Everything In Its Right Place,Radiohead,233638,Mellow/Rock/Hip-Hop
2025-11-16T16:32:00Z,Nude,Radiohead,171077,Mellow/Rock/Hip-Hop
2025-11-16T17:29:00Z,Sheikh Chilli,Raftaar,205811,Mellow/Rock/Hip-Hop
2025-11-16T19:44:00Z,Mumbai 10,Divine,167504,Mellow/Rock/Hip-Hop
2025-11-16T20:42:00Z,Holocene,Bon Iver,189390,Mellow/Rock/Hip-Hop
2025-11-16T23:30:00Z,Holocene,Bon Iver,134483,Mellow/Rock/Hip-Hop
2025-11-16T23:42:00Z,Fake Empire,The National,177867,Mellow/Rock/Hip-Hop
2025-11-17T13:45:00Z,Sheikh Chilli,Raftaar,190657,Mellow/Rock/Hip-Hop
2025-11-17T14:30:00Z,Animals,Martin Garrix,109091,EDM/Dance
2025-11-17T14:51:00Z,Fake Empire,The National,142200,Mellow/Rock/Hip-Hop
2025-11-18T10:49:00Z,Weird Fishes/Arpeggi,Radiohead,201449,Mellow/Rock/Hip-Hop
2025-11-18T17:48:00Z,Rap Meri Jaan,KR$NA,206017,Mellow/Rock/Hip-Hop
2025-11-18T20:53:00Z,Rap Meri Jaan,KR$NA,233621,Mellow/Rock/Hip-Hop
2025-11-18T21:03:00Z,Rap Meri Jaan,KR$NA,236120,Mellow/Rock/Hip-Hop
2025-11-18T21:08:00Z,Nude,Radiohead,211803,Mellow/Rock/Hip-Hop
2025-11-18T22:28:00Z,Everything In Its Right Place,Radiohead,157945,Mellow/Rock/Hip-Hop
2025-11-19T09:08:00Z,Rap Meri Jaan,KR$NA,129539,Mellow/Rock/Hip-Hop
2025-11-19T13:04:00Z,Everything In Its Right Place,Radiohead,198755,Mellow/Rock/Hip-Hop
2025-11-19T14:31:00Z,Rap Meri Jaan,KR$NA,147520,Mellow/Rock/Hip-Hop
2025-11-19T16:15:00Z,Nude,Radiohead,161228,Mellow/Rock/Hip-Hop
2025-11-19T19:30:00Z,Sheikh Chilli,Raftaar,91545,Mellow/Rock/Hip-Hop
2025-11-19T19:54:00Z,Fake Empire,The National,199843,Mellow/Rock/Hip-Hop
2025-11-19T19:57:00Z,Namastute,Seedhe Maut,95120,Mellow/Rock/Hip-Hop
2025-11-19T21:26:00Z,Rap Meri Jaan,KR$NA,106322,Mellow/Rock/Hip-Hop
2025-11-19T22:40:00Z,Rap Meri Jaan,KR$NA,152716,Mellow/Rock/Hip-Hop
2025-11-20T07:58:00Z,Everything In Its Right Place,Radiohead,193290,Mellow/Rock/Hip-Hop
2025-11-20T09:41:00Z,Weird Fishes/Arpeggi,Radiohead,202358,Mellow/Rock/Hip-Hop
2025-11-20T12:03:00Z,Heroes,Alesso,158198,EDM/Dance
2025-11-20T19:46:00Z,Losing It,Fisher,133265,EDM/Dance
2025-11-20T21:20:00Z,Holocene,Bon Iver,178473,Mellow/Rock/Hip-Hop
2025-11-21T07:15:00Z,Weird Fishes/Arpeggi,Radiohead,142261,Mellow/Rock/Hip-Hop
2025-11-21T07:59:00Z,Nude,Radiohead,171777,Mellow/Rock/Hip-Hop
2025-11-21T08:22:00Z,Rap Meri Jaan,KR$NA,148778,Mellow/Rock/Hip-Hop
2025-11-21T10:44:00Z,Clarity,Zedd,169058,EDM/Dance
2025-11-21T10:49:00Z,Everything In Its Right Place,Radiohead,132930,Mellow/Rock/Hip-Hop
2025-11-21T11:15:00Z,Sheikh Chilli,Raftaar,123088,Mellow/Rock/Hip-Hop
2025-11-21T13:29:00Z,Nude,Radiohead,157172,Mellow/Rock/Hip-Hop
2025-11-21T15:53:00Z,Namastute,Seedhe Maut,111471,Mellow/Rock/Hip-Hop
2025-11-21T19:45:00Z,Namastute,Seedhe Maut,141990,Mellow/Rock/Hip-Hop
2025-11-22T08:22:00Z,Sheikh Chilli,Raftaar,229655,Mellow/Rock/Hip-Hop
2025-11-22T09:32:00Z,Mumbai 10,Divine,179451,Mellow/Rock/Hip-Hop
2025-11-22T11:27:00Z,Suno,Prabh Deep,136173,Mellow/Rock/Hip-Hop
2025-11-22T12:31:00Z,Mumbai 10,Divine,145605,Mellow/Rock/Hip-Hop
2025-11-22T15:20:00Z,Sheikh Chilli,Raftaar,154355,Mellow/Rock/Hip-Hop
2025-11-22T15:56:00Z,Nude,Radiohead,208175,Mellow/Rock/Hip-Hop
2025-11-22T19:21:00Z,Suno,Prabh Deep,97523,Mellow/Rock/Hip-Hop
2025-11-22T22:06:00Z,Never Sleep Alone,Kaskade,203645,EDM/Dance
2025-11-22T22:29:00Z,Fake Empire,The National,204183,Mellow/Rock/Hip-Hop
2025-11-23T09:15:00Z,Holocene,Bon Iver,196542,Mellow/Rock/Hip-Hop
2025-11-23T09:18:00Z,Weird Fishes/Arpeggi,Radiohead,148090,Mellow/Rock/Hip-Hop
2025-11-23T15:35:00Z,Sheikh Chilli,Raftaar,92661,Mellow/Rock/Hip-Hop
2025-11-23T16:42:00Z,Holocene,Bon Iver,186736,Mellow/Rock/Hip-Hop
2025-11-23T22:41:00Z,Holocene,Bon Iver,218665,Mellow/Rock/Hip-Hop
2025-11-24T11:17:00Z,Weird Fishes/Arpeggi,Radiohead,101931,Mellow/Rock/Hip-Hop
2025-11-24T12:12:00Z,Rap Meri Jaan,KR$NA,146723,Mellow/Rock/Hip-Hop
2025-11-24T14:07:00Z,Fake Empire,The National,140484,Mellow/Rock/Hip-Hop
2025-11-24T16:14:00Z,Holocene,Bon Iver,184602,Mellow/Rock/Hip-Hop
2025-11-24T17:22:00Z,Rap Meri Jaan,KR$NA,208946,Mellow/Rock/Hip-Hop
2025-11-24T23:38:00Z,Fake Empire,The National,164186,Mellow/Rock/Hip-Hop
2025-11-25T15:55:00Z,Weird Fishes/Arpeggi,Radiohead,215233,Mellow/Rock/Hip-Hop
2025-11-25T22:06:00Z,Everything In Its Right Place,Radiohead,93215,Mellow/Rock/Hip-Hop
2025-11-25T22:28:00Z,Suno,Prabh Deep,179314,Mellow/Rock/Hip-Hop
2025-11-26T08:09:00Z,Nude,Radiohead,129111,Mellow/Rock/Hip-Hop
2025-11-26T09:15:00Z,Fake Empire,The National,121051,Mellow/Rock/Hip-Hop
2025-11-26T14:49:00Z,Namastute,Seedhe Maut,226989,Mellow/Rock/Hip-Hop
2025-11-27T09:10:00Z,Fake Empire,The National,152879,Mellow/Rock/Hip-Hop
2025-11-27T10:48:00Z,Sheikh Chilli,Raftaar,144470,Mellow/Rock/Hip-Hop
2025-11-27T12:00:00Z,Nude,Radiohead,197090,Mellow/Rock/Hip-Hop
2025-11-27T20:19:00Z,Sheikh Chilli,Raftaar,239062,Mellow/Rock/Hip-Hop
2025-11-27T21:04:00Z,Fake Empire,The National,151190,Mellow/Rock/Hip-Hop
2025-11-27T22:18:00Z,Sheikh Chilli,Raftaar,98556,Mellow/Rock/Hip-Hop
2025-11-28T10:29:00Z,Suno,Prabh Deep,169715,Mellow/Rock/Hip-Hop
2025-11-28T15:52:00Z,Everything In Its Right Place,Radiohead,127286,Mellow/Rock/Hip-Hop
2025-11-28T16:38:00Z,Line Of Sight,ODESZA,239214,EDM/Dance
2025-11-28T20:07:00Z,Holocene,Bon Iver,232753,Mellow/Rock/Hip-Hop
2025-11-28T23:34:00Z,Fake Empire,The National,219445,Mellow/Rock/Hip-Hop
2025-11-29T07:48:00Z,Clarity,Zedd,160650,EDM/Dance
2025-11-29T12:21:00Z,Nude,Radiohead,197910,Mellow/Rock/Hip-Hop
2025-11-29T17:38:00Z,Never Sleep Alone,Kaskade,155632,EDM/Dance
2025-11-29T18:26:00Z,Suno,Prabh Deep,177374,Mellow/Rock/Hip-Hop
2025-11-29T20:40:00Z,Everything In Its Right Place,Radiohead,218902,Mellow/Rock/Hip-Hop
2025-11-29T22:33:00Z,Everything In Its Right Place,Radiohead,205927,Mellow/Rock/Hip-Hop
2025-11-30T08:29:00Z,Namastute,Seedhe Maut,113084,Mellow/Rock/Hip-Hop
2025-11-30T10:49:00Z,Mumbai 10,Divine,195952,Mellow/Rock/Hip-Hop
2025-11-30T14:45:00Z,Sheikh Chilli,Raftaar,131517,Mellow/Rock/Hip-Hop
2025-11-30T15:35:00Z,Holocene,Bon Iver,124344,Mellow/Rock/Hip-Hop
2025-11-30T20:05:00Z,Weird Fishes/Arpeggi,Radiohead,148903,Mellow/Rock/Hip-Hop
2025-11-30T21:26:00Z,Weird Fishes/Arpeggi,Radiohead,104209,Mellow/Rock/Hip-Hop
2025-11-30T22:07:00Z,Suno,Prabh Deep,97567,Mellow/Rock/Hip-Hop
2025-11-30T22:40:00Z,Mumbai 10,Divine,205878,Mellow/Rock/Hip-Hop
2025-12-01T11:31:00Z,Nude,Radiohead,166509,Mellow/Rock/Hip-Hop
2025-12-01T16:46:00Z,Weird Fishes/Arpeggi,Radiohead,168264,Mellow/Rock/Hip-Hop
2025-12-01T18:21:00Z,Suno,Prabh Deep,234681,Mellow/Rock/Hip-Hop
2025-12-01T20:21:00Z,Fake Empire,The National,223100,Mellow/Rock/Hip-Hop
2025-12-01T20:53:00Z,Fake Empire,The National,216484,Mellow/Rock/Hip-Hop
2025-12-01T21:35:00Z,Holocene,Bon Iver,127917,Mellow/Rock/Hip-Hop
2025-12-01T21:59:00Z,Namastute,Seedhe Maut,174352,Mellow/Rock/Hip-Hop
2025-12-01T22:55:00Z,Sheikh Chilli,Raftaar,128953,Mellow/Rock/Hip-Hop
2025-12-01T23:47:00Z,Sheikh Chilli,Raftaar,125784,Mellow/Rock/Hip-Hop
2025-12-02T09:15:00Z,Weird Fishes/Arpeggi,Radiohead,165334,Mellow/Rock/Hip-Hop
2025-12-02T10:33:00Z,Suno,Prabh Deep,209780,Mellow/Rock/Hip-Hop
2025-12-02T11:32:00Z,Weird Fishes/Arpeggi,Radiohead,177030,Mellow/Rock/Hip-Hop
2025-12-02T17:39:00Z,Never Be Like You,Flume,194197,EDM/Dance
2025-12-02T19:14:00Z,Sheikh Chilli,Raftaar,197682,Mellow/Rock/Hip-Hop
2025-12-02T19:20:00Z,Mumbai 10,Divine,217912,Mellow/Rock/Hip-Hop
2025-12-02T19:24:00Z,Heroes,Alesso,129873,EDM/Dance
2025-12-02T20:06:00Z,Nude,Radiohead,116347,Mellow/Rock/Hip-Hop
2025-12-02T20:55:00Z,Line Of Sight,ODESZA,130464,EDM/Dance
2025-12-03T08:20:00Z,Weird Fishes/Arpeggi,Radiohead,104711,Mellow/Rock/Hip-Hop
2025-12-03T12:10:00Z,Sheikh Chilli,Raftaar,135893,Mellow/Rock/Hip-Hop
2025-12-03T14:31:00Z,Never Sleep Alone,Kaskade,127517,EDM/Dance
2025-12-03T16:43:00Z,Suno,Prabh Deep,233287,Mellow/Rock/Hip-Hop
2025-12-03T20:09:00Z,Mumbai 10,Divine,154014,Mellow/Rock/Hip-Hop
2025-12-03T21:16:00Z,Fake Empire,The National,92463,Mellow/Rock/Hip-Hop
2025-12-04T14:24:00Z,Nude,Radiohead,239926,Mellow/Rock/Hip-Hop
2025-12-04T16:01:00Z,Fake Empire,The National,193758,Mellow/Rock/Hip-Hop
2025-12-04T16:12:00Z,Suno,Prabh Deep,190845,Mellow/Rock/Hip-Hop
2025-12-04T16:40:00Z,Sheikh Chilli,Raftaar,201230,Mellow/Rock/Hip-Hop
2025-12-05T08:37:00Z,Suno,Prabh Deep,185646,Mellow/Rock/Hip-Hop
2025-12-05T10:57:00Z,Everything In Its Right Place,Radiohead,100334,Mellow/Rock/Hip-Hop
2025-12-05T16:20:00Z,Nude,Radiohead,198921,Mellow/Rock/Hip-Hop
2025-12-05T18:14:00Z,Holocene,Bon Iver,139841,Mellow/Rock/Hip-Hop
2025-12-05T22:53:00Z,Weird Fishes/Arpeggi,Radiohead,165024,Mellow/Rock/Hip-Hop
2025-12-06T10:29:00Z,Mumbai 10,Divine,109739,Mellow/Rock/Hip-Hop
2025-12-06T19:54:00Z,Holocene,Bon Iver,236096,Mellow/Rock/Hip-Hop
2025-12-06T22:51:00Z,Fake Empire,The National,167369,Mellow/Rock/Hip-Hop
2025-12-06T23:32:00Z,Mumbai 10,Divine,161441,Mellow/Rock/Hip-Hop
2025-12-07T10:29:00Z,Fake Empire,The National,186622,Mellow/Rock/Hip-Hop
2025-12-07T14:41:00Z,Sheikh Chilli,Raftaar,106571,Mellow/Rock/Hip-Hop
2025-12-07T16:41:00Z,Suno,Prabh Deep,197032,Mellow/Rock/Hip-Hop
2025-12-07T19:52:00Z,Fake Empire,The National,187379,Mellow/Rock/Hip-Hop
2025-12-07T22:01:00Z,Clarity,Zedd,237169,EDM/Dance
2025-12-08T11:24:00Z,Rap Meri Jaan,KR$NA,208919,Mellow/Rock/Hip-Hop
2025-12-08T20:37:00Z,Rap Meri Jaan,KR$NA,130507,Mellow/Rock/Hip-Hop
2025-12-08T22:07:00Z,Fake Empire,The National,115478,Mellow/Rock/Hip-Hop
2025-12-09T07:03:00Z,Clarity,Zedd,177427,EDM/Dance
2025-12-09T13:04:00Z,Everything In Its Right Place,Radiohead,235282,Mellow/Rock/Hip-Hop
2025-12-09T13:07:00Z,Never Be Like You,Flume,209201,EDM/Dance
2025-12-09T18:34:00Z,Nude,Radiohead,184024,Mellow/Rock/Hip-Hop
2025-12-09T20:17:00Z,Sheikh Chilli,Raftaar,98576,Mellow/Rock/Hip-Hop
2025-12-09T21:28:00Z,Holocene,Bon Iver,151895,Mellow/Rock/Hip-Hop
2025-12-10T07:17:00Z,Sheikh Chilli,Raftaar,127929,Mellow/Rock/Hip-Hop
2025-12-10T11:00:00Z,Animals,Martin Garrix,183911,EDM/Dance
2025-12-10T15:51:00Z,Rap Meri Jaan,KR$NA,135743,Mellow/Rock/Hip-Hop
2025-12-10T17:49:00Z,Holocene,Bon Iver,128680,Mellow/Rock/Hip-Hop
2025-12-11T08:30:00Z,Weird Fishes/Arpeggi,Radiohead,195281,Mellow/Rock/Hip-Hop
2025-12-11T08:46:00Z,Holocene,Bon Iver,226695,Mellow/Rock/Hip-Hop
2025-12-11T12:16:00Z,Weird Fishes/Arpeggi,Radiohead,103736,Mellow/Rock/Hip-Hop
2025-12-11T17:24:00Z,Never Be Like You,Flume,229082,EDM/Dance
2025-12-11T17:38:00Z,Beautiful Creatures,Illenium,128884,EDM/Dance
2025-12-11T20:06:00Z,Rap Meri Jaan,KR$NA,119992,Mellow/Rock/Hip-Hop
2025-12-11T22:45:00Z,Nude,Radiohead,206277,Mellow/Rock/Hip-Hop
2025-12-11T23:07:00Z,Never Sleep Alone,Kaskade,106661,EDM/Dance
2025-12-11T23:37:00Z,Mumbai 10,Divine,118587,Mellow/Rock/Hip-Hop
2025-12-12T08:18:00Z,Namastute,Seedhe Maut,171906,Mellow/Rock/Hip-Hop
2025-12-12T09:27:00Z,Beautiful Creatures,Illenium,115313,EDM/Dance
2025-12-12T11:35:00Z,Mumbai 10,Divine,105723,Mellow/Rock/Hip-Hop
2025-12-12T11:43:00Z,Mumbai 10,Divine,214326,Mellow/Rock/Hip-Hop
2025-12-12T13:27:00Z,Rap Meri Jaan,KR$NA,208372,Mellow/Rock/Hip-Hop
2025-12-12T17:27:00Z,Nude,Radiohead,171926,Mellow/Rock/Hip-Hop
2025-12-12T17:42:00Z,Rap Meri Jaan,KR$NA,122042,Mellow/Rock/Hip-Hop
2025-12-12T17:52:00Z,Namastute,Seedhe Maut,208882,Mellow/Rock/Hip-Hop
2025-12-12T23:13:00Z,Sheikh Chilli,Raftaar,130561,Mellow/Rock/Hip-Hop
2025-12-13T07:38:00Z,Namastute,Seedhe Maut,160109,Mellow/Rock/Hip-Hop
2025-12-13T08:43:00Z,Sheikh Chilli,Raftaar,111386,Mellow/Rock/Hip-Hop
2025-12-13T09:47:00Z,Animals,Martin Garrix,229062,EDM/Dance
2025-12-13T09:56:00Z,Mumbai 10,Divine,103791,Mellow/Rock/Hip-Hop
2025-12-13T11:36:00Z,Everything In Its Right Place,Radiohead,195063,Mellow/Rock/Hip-Hop
2025-12-13T16:58:00Z,Never Be Like You,Flume,179082,EDM/Dance
2025-12-13T18:07:00Z,Mumbai 10,Divine,163024,Mellow/Rock/Hip-Hop
2025-12-13T21:21:00Z,Namastute,Seedhe Maut,131263,Mellow/Rock/Hip-Hop
2025-12-14T08:00:00Z,Never Sleep Alone,Kaskade,143588,EDM/Dance
2025-12-14T10:22:00Z,Rap Meri Jaan,KR$NA,202699,Mellow/Rock/Hip-Hop
2025-12-14T11:48:00Z,Holocene,Bon Iver,156982,Mellow/Rock/Hip-Hop
2025-12-14T21:26:00Z,Sheikh Chilli,Raftaar,161609,Mellow/Rock/Hip-Hop
2025-12-14T22:33:00Z,Strobe,Deadmau5,170850,EDM/Dance
2025-12-15T12:08:00Z,Never Sleep Alone,Kaskade,189669,EDM/Dance
2025-12-15T16:07:00Z,Namastute,Seedhe Maut,196176,Mellow/Rock/Hip-Hop
2025-12-15T20:01:00Z,Animals,Martin Garrix,210521,EDM/Dance
2025-12-15T20:36:00Z,Mumbai 10,Divine,196017,Mellow/Rock/Hip-Hop
2025-12-15T23:35:00Z,Holocene,Bon Iver,182842,Mellow/Rock/Hip-Hop
2025-12-16T14:27:00Z,Beautiful Creatures,Illenium,194975,EDM/Dance
2025-12-16T16:47:00Z,Namastute,Seedhe Maut,179001,Mellow/Rock/Hip-Hop
2025-12-16T21:53:00Z,Sheikh Chilli,Raftaar,184857,Mellow/Rock/Hip-Hop
2025-12-17T10:33:00Z,Rap Meri Jaan,KR$NA,223680,Mellow/Rock/Hip-Hop
2025-12-17T12:49:00Z,Nude,Radiohead,219529,Mellow/Rock/Hip-Hop
2025-12-17T15:12:00Z,Everything In Its Right Place,Radiohead,135481,Mellow/Rock/Hip-Hop
2025-12-17T18:46:00Z,Mumbai 10,Divine,128716,Mellow/Rock/Hip-Hop
2025-12-18T08:22:00Z,Sheikh Chilli,Raftaar,222995,Mellow/Rock/Hip-Hop
2025-12-18T09:41:00Z,Fake Empire,The National,113670,Mellow/Rock/Hip-Hop
2025-12-18T17:55:00Z,Suno,Prabh Deep,172873,Mellow/Rock/Hip-Hop
2025-12-18T19:29:00Z,Rap Meri Jaan,KR$NA,235310,Mellow/Rock/Hip-Hop
2025-12-18T21:02:00Z,Heroes,Alesso,104913,EDM/Dance
2025-12-18T22:28:00Z,Beautiful Creatures,Illenium,169382,EDM/Dance
2025-12-19T08:50:00Z,Mumbai 10,Divine,177726,Mellow/Rock/Hip-Hop
2025-12-19T11:21:00Z,Sheikh Chilli,Raftaar,111365,Mellow/Rock/Hip-Hop
2025-12-19T13:20:00Z,Strobe,Deadmau5,214683,EDM/Dance
2025-12-19T18:19:00Z,Everything In Its Right Place,Radiohead,192749,Mellow/Rock/Hip-Hop
2025-12-19T18:58:00Z,Mumbai 10,Divine,164158,Mellow/Rock/Hip-Hop
2025-12-19T19:18:00Z,Beautiful Creatures,Illenium,156059,EDM/Dance
2025-12-19T21:06:00Z,Weird Fishes/Arpeggi,Radiohead,180030,Mellow/Rock/Hip-Hop
2025-12-19T21:33:00Z,Heroes,Alesso,227035,EDM/Dance
2025-12-19T23:41:00Z,Nude,Radiohead,135235,Mellow/Rock/Hip-Hop
2025-12-20T09:41:00Z,Rap Meri Jaan,KR$NA,200993,Mellow/Rock/Hip-Hop
2025-12-20T18:19:00Z,Weird Fishes/Arpeggi,Radiohead,137254,Mellow/Rock/Hip-Hop
2025-12-20T19:41:00Z,Fake Empire,The National,176108,Mellow/Rock/Hip-Hop
2025-12-20T22:12:00Z,Mumbai 10,Divine,149386,Mellow/Rock/Hip-Hop
2025-12-21T08:42:00Z,Rap Meri Jaan,KR$NA,178280,Mellow/Rock/Hip-Hop
2025-12-21T11:38:00Z,Sheikh Chilli,Raftaar,188754,Mellow/Rock/Hip-Hop
2025-12-21T12:46:00Z,Everything In Its Right Place,Radiohead,204733,Mellow/Rock/Hip-Hop
2025-12-21T23:49:00Z,Nude,Radiohead,231497,Mellow/Rock/Hip-Hop
2025-12-22T13:23:00Z,Suno,Prabh Deep,239532,Mellow/Rock/Hip-Hop
2025-12-22T14:34:00Z,Suno,Prabh Deep,152696,Mellow/Rock/Hip-Hop
2025-12-22T21:39:00Z,Holocene,Bon Iver,164692,Mellow/Rock/Hip-Hop
2025-12-23T09:58:00Z,Namastute,Seedhe Maut,148205,Mellow/Rock/Hip-Hop
2025-12-23T10:18:00Z,Rap Meri Jaan,KR$NA,111987,Mellow/Rock/Hip-Hop
2025-12-23T11:55:00Z,Holocene,Bon Iver,155536,Mellow/Rock/Hip-Hop
2025-12-23T18:35:00Z,Heroes,Alesso,116893,EDM/Dance
2025-12-23T21:57:00Z,Fake Empire,The National,224572,Mellow/Rock/Hip-Hop
2025-12-23T23:33:00Z,Namastute,Seedhe Maut,199749,Mellow/Rock/Hip-Hop
2025-12-24T08:18:00Z,Everything In Its Right Place,Radiohead,213851,Mellow/Rock/Hip-Hop
2025-12-24T10:53:00Z,Mumbai 10,Divine,177894,Mellow/Rock/Hip-Hop
2025-12-24T15:13:00Z,Weird Fishes/Arpeggi,Radiohead,129195,Mellow/Rock/Hip-Hop
2025-12-24T16:07:00Z,Holocene,Bon Iver,102517,Mellow/Rock/Hip-Hop
2025-12-24T19:05:00Z,Holocene,Bon Iver,188281,Mellow/Rock/Hip-Hop
2025-12-24T20:03:00Z,Weird Fishes/Arpeggi,Radiohead,193928,Mellow/Rock/Hip-Hop
2025-12-24T21:04:00Z,Sheikh Chilli,Raftaar,119060,Mellow/Rock/Hip-Hop
2025-12-24T22:28:00Z,Everything In Its Right Place,Radiohead,91376,Mellow/Rock/Hip-Hop
2025-12-24T23:27:00Z,Sheikh Chilli,Raftaar,119146,Mellow/Rock/Hip-Hop
2025-12-25T07:24:00Z,Rap Meri Jaan,KR$NA,213243,Mellow/Rock/Hip-Hop
2025-12-25T09:33:00Z,Mumbai 10,Divine,232627,Mellow/Rock/Hip-Hop
2025-12-25T11:02:00Z,Mumbai 10,Divine,182353,Mellow/Rock/Hip-Hop
2025-12-25T12:42:00Z,Namastute,Seedhe Maut,112443,Mellow/Rock/Hip-Hop
2025-12-25T18:15:00Z,Nude,Radiohead,117174,Mellow/Rock/Hip-Hop
2025-12-25T18:16:00Z,Never Sleep Alone,Kaskade,94257,EDM/Dance
2025-12-25T20:00:00Z,Fake Empire,The National,182488,Mellow/Rock/Hip-Hop
2025-12-25T21:44:00Z,Everything In Its Right Place,Radiohead,215444,Mellow/Rock/Hip-Hop
2025-12-25T23:36:00Z,Weird Fishes/Arpeggi,Radiohead,153422,Mellow/Rock/Hip-Hop
2025-12-26T08:18:00Z,Suno,Prabh Deep,142845,Mellow/Rock/Hip-Hop
2025-12-26T08:20:00Z,Clarity,Zedd,171284,EDM/Dance
2025-12-26T15:07:00Z,Mumbai 10,Divine,186474,Mellow/Rock/Hip-Hop
2025-12-26T15:51:00Z,Rap Meri Jaan,KR$NA,111656,Mellow/Rock/Hip-Hop
2025-12-26T16:22:00Z,Holocene,Bon Iver,102531,Mellow/Rock/Hip-Hop
2025-12-26T21:57:00Z,Namastute,Seedhe Maut,191356,Mellow/Rock/Hip-Hop
2025-12-26T22:16:00Z,Rap Meri Jaan,KR$NA,99599,Mellow/Rock/Hip-Hop
2025-12-26T22:44:00Z,Everything In Its Right Place,Radiohead,220422,Mellow/Rock/Hip-Hop
2025-12-27T16:20:00Z,Everything In Its Right Place,Radiohead,116895,Mellow/Rock/Hip-Hop
2025-12-27T16:28:00Z,Never Be Like You,Flume,201703,EDM/Dance
2025-12-27T18:24:00Z,Losing It,Fisher,238699,EDM/Dance
2025-12-27T18:28:00Z,Suno,Prabh Deep,101103,Mellow/Rock/Hip-Hop
2025-12-27T18:32:00Z,Never Sleep Alone,Kaskade,131939,EDM/Dance
2025-12-27T20:17:00Z,Mumbai 10,Divine,105036,Mellow/Rock/Hip-Hop
2025-12-27T21:02:00Z,Everything In Its Right Place,Radiohead,123090,Mellow/Rock/Hip-Hop
2025-12-27T21:23:00Z,Line Of Sight,ODESZA,187521,EDM/Dance
2025-12-28T09:28:00Z,Everything In Its Right Place,Radiohead,135260,Mellow/Rock/Hip-Hop
2025-12-28T09:51:00Z,Suno,Prabh Deep,173778,Mellow/Rock/Hip-Hop
2025-12-28T10:01:00Z,Holocene,Bon Iver,138771,Mellow/Rock/Hip-Hop
2025-12-28T10:16:00Z,Namastute,Seedhe Maut,158233,Mellow/Rock/Hip-Hop
2025-12-28T16:44:00Z,Holocene,Bon Iver,218765,Mellow/Rock/Hip-Hop
2025-12-28T18:25:00Z,Rap Meri Jaan,KR$NA,172414,Mellow/Rock/Hip-Hop
2025-12-29T09:19:00Z,Beautiful Creatures,Illenium,194375,EDM/Dance
2025-12-29T11:15:00Z,Clarity,Zedd,219504,EDM/Dance
2025-12-29T11:20:00Z,Nude,Radiohead,109441,Mellow/Rock/Hip-Hop
2025-12-29T16:57:00Z,Alone,Marshmello,168631,EDM/Dance
2025-12-29T18:08:00Z,Rap Meri Jaan,KR$NA,234520,Mellow/Rock/Hip-Hop
2025-12-29T18:29:00Z,Alone,Marshmello,234610,EDM/Dance
2025-12-29T18:32:00Z,Everything In Its Right Place,Radiohead,148783,Mellow/Rock/Hip-Hop
2025-12-29T23:26:00Z,Suno,Prabh Deep,197330,Mellow/Rock/Hip-Hop
2025-12-30T08:52:00Z,Sheikh Chilli,Raftaar,97437,Mellow/Rock/Hip-Hop
2025-12-30T09:32:00Z,Fake Empire,The National,134206,Mellow/Rock/Hip-Hop
2025-12-30T11:10:00Z,Sheikh Chilli,Raftaar,178504,Mellow/Rock/Hip-Hop
2025-12-30T11:19:00Z,Rap Meri Jaan,KR$NA,133163,Mellow/Rock/Hip-Hop
2025-12-30T13:40:00Z,Fake Empire,The National,234399,Mellow/Rock/Hip-Hop
2025-12-30T15:41:00Z,Strobe,Deadmau5,145262,EDM/Dance
2025-12-30T18:33:00Z,Holocene,Bon Iver,164461,Mellow/Rock/Hip-Hop
2025-12-30T20:32:00Z,Everything In Its Right Place,Radiohead,104526,Mellow/Rock/Hip-Hop
2025-12-31T08:10:00Z,Nude,Radiohead,205239,Mellow/Rock/Hip-Hop
2025-12-31T10:20:00Z,Rap Meri Jaan,KR$NA,153370,Mellow/Rock/Hip-Hop
2025-12-31T13:21:00Z,Suno,Prabh Deep,127661,Mellow/Rock/Hip-Hop
2025-12-31T17:59:00Z,Everything In Its Right Place,Radiohead,171976,Mellow/Rock/Hip-Hop
2025-12-31T18:25:00Z,Mumbai 10,Divine,124279,Mellow/Rock/Hip-Hop
2025-12-31T19:55:00Z,Never Be Like You,Flume,199611,EDM/Dance
2025-12-31T21:15:00Z,Fake Empire,The National,126930,Mellow/Rock/Hip-Hop
2025-12-31T22:15:00Z,Fake Empire,The National,196454,Mellow/Rock/Hip-Hop
2025-12-31T22:56:00Z,Weird Fishes/Arpeggi,Radiohead,233019,Mellow/Rock/Hip-Hop
2026-01-01T18:03:00Z,Holocene,Bon Iver,103248,Mellow/Rock/Hip-Hop
2026-01-01T19:32:00Z,Nude,Radiohead,209860,Mellow/Rock/Hip-Hop
2026-01-01T21:31:00Z,Rap Meri Jaan,KR$NA,170882,Mellow/Rock/Hip-Hop
2026-01-01T22:18:00Z,Sheikh Chilli,Raftaar,230690,Mellow/Rock/Hip-Hop
2026-01-02T08:36:00Z,Namastute,Seedhe Maut,237276,Mellow/Rock/Hip-Hop
2026-01-02T16:04:00Z,Rap Meri Jaan,KR$NA,191279,Mellow/Rock/Hip-Hop
2026-01-02T18:48:00Z,Fake Empire,The National,195710,Mellow/Rock/Hip-Hop
2026-01-03T10:08:00Z,Sheikh Chilli,Raftaar,115344,Mellow/Rock/Hip-Hop
2026-01-03T12:25:00Z,Mumbai 10,Divine,168442,Mellow/Rock/Hip-Hop
2026-01-03T17:51:00Z,Line Of Sight,ODESZA,214189,EDM/Dance
2026-01-03T18:48:00Z,Mumbai 10,Divine,127818,Mellow/Rock/Hip-Hop
2026-01-03T19:32:00Z,Rap Meri Jaan,KR$NA,100552,Mellow/Rock/Hip-Hop
2026-01-03T23:08:00Z,Everything In Its Right Place,Radiohead,175974,Mellow/Rock/Hip-Hop
2026-01-03T23:34:00Z,Rap Meri Jaan,KR$NA,218410,Mellow/Rock/Hip-Hop
2026-01-04T08:36:00Z,Clarity,Zedd,118808,EDM/Dance
2026-01-04T11:33:00Z,Weird Fishes/Arpeggi,Radiohead,144353,Mellow/Rock/Hip-Hop
2026-01-04T14:46:00Z,Fake Empire,The National,103462,Mellow/Rock/Hip-Hop
2026-01-04T16:50:00Z,Sheikh Chilli,Raftaar,96985,Mellow/Rock/Hip-Hop
2026-01-04T17:26:00Z,Suno,Prabh Deep,129696,Mellow/Rock/Hip-Hop
2026-01-04T18:21:00Z,Weird Fishes/Arpeggi,Radiohead,118732,Mellow/Rock/Hip-Hop
2026-01-04T20:32:00Z,Holocene,Bon Iver,213628,Mellow/Rock/Hip-Hop
2026-01-04T23:40:00Z,Everything In Its Right Place,Radiohead,189664,Mellow/Rock/Hip-Hop
2026-01-05T14:19:00Z,Fake Empire,The National,165760,Mellow/Rock/Hip-Hop
2026-01-05T16:07:00Z,Fake Empire,The National,232394,Mellow/Rock/Hip-Hop
2026-01-05T17:30:00Z,Suno,Prabh Deep,181436,Mellow/Rock/Hip-Hop
2026-01-05T17:34:00Z,Rap Meri Jaan,KR$NA,182874,Mellow/Rock/Hip-Hop
2026-01-05T18:49:00Z,Namastute,Seedhe Maut,128397,Mellow/Rock/Hip-Hop
2026-01-05T19:20:00Z,Rap Meri Jaan,KR$NA,135398,Mellow/Rock/Hip-Hop
2026-01-05T22:12:00Z,Fake Empire,The National,154623,Mellow/Rock/Hip-Hop
2026-01-06T13:12:00Z,Suno,Prabh Deep,231184,Mellow/Rock/Hip-Hop
2026-01-06T14:15:00Z,Sheikh Chilli,Raftaar,103307,Mellow/Rock/Hip-Hop
2026-01-06T14:40:00Z,Rap Meri Jaan,KR$NA,151036,Mellow/Rock/Hip-Hop
2026-01-06T15:08:00Z,Rap Meri Jaan,KR$NA,118633,Mellow/Rock/Hip-Hop
2026-01-06T18:59:00Z,Nude,Radiohead,205966,Mellow/Rock/Hip-Hop
2026-01-07T10:43:00Z,Suno,Prabh Deep,126036,Mellow/Rock/Hip-Hop
2026-01-07T12:26:00Z,Alone,Marshmello,214701,EDM/Dance
2026-01-07T16:20:00Z,Holocene,Bon Iver,164819,Mellow/Rock/Hip-Hop
2026-01-08T08:00:00Z,Fake Empire,The National,168221,Mellow/Rock/Hip-Hop
2026-01-08T14:34:00Z,Sheikh Chilli,Raftaar,99777,Mellow/Rock/Hip-Hop
2026-01-08T15:12:00Z,Suno,Prabh Deep,119529,Mellow/Rock/Hip-Hop
2026-01-08T15:45:00Z,Suno,Prabh Deep,138810,Mellow/Rock/Hip-Hop
2026-01-08T17:18:00Z,Nude,Radiohead,209104,Mellow/Rock/Hip-Hop
2026-01-08T19:50:00Z,Weird Fishes/Arpeggi,Radiohead,219861,Mellow/Rock/Hip-Hop
2026-01-08T20:56:00Z,Everything In Its Right Place,Radiohead,136081,Mellow/Rock/Hip-Hop
2026-01-08T23:31:00Z,Rap Meri Jaan,KR$NA,125179,Mellow/Rock/Hip-Hop
2026-01-09T11:30:00Z,Everything In Its Right Place,Radiohead,174830,Mellow/Rock/Hip-Hop
2026-01-09T13:11:00Z,Sheikh Chilli,Raftaar,196296,Mellow/Rock/Hip-Hop
2026-01-09T17:05:00Z,Rap Meri Jaan,KR$NA,195076,Mellow/Rock/Hip-Hop
2026-01-10T07:16:00Z,Sheikh Chilli,Raftaar,184254,Mellow/Rock/Hip-Hop
2026-01-10T10:29:00Z,Weird Fishes/Arpeggi,Radiohead,170427,Mellow/Rock/Hip-Hop
2026-01-10T15:21:00Z,Suno,Prabh Deep,169153,Mellow/Rock/Hip-Hop
2026-01-10T16:44:00Z,Rap Meri Jaan,KR$NA,120779,Mellow/Rock/Hip-Hop
2026-01-11T09:33:00Z,Sheikh Chilli,Raftaar,207112,Mellow/Rock/Hip-Hop
2026-01-11T09:58:00Z,Mumbai 10,Divine,237893,Mellow/Rock/Hip-Hop
2026-01-11T13:48:00Z,Rap Meri Jaan,KR$NA,154871,Mellow/Rock/Hip-Hop
2026-01-11T14:14:00Z,Sheikh Chilli,Raftaar,125014,Mellow/Rock/Hip-Hop
2026-01-11T18:26:00Z,Suno,Prabh Deep,233978,Mellow/Rock/Hip-Hop
2026-01-11T22:05:00Z,Sheikh Chilli,Raftaar,223791,Mellow/Rock/Hip-Hop
2026-01-11T23:12:00Z,Alone,Marshmello,230682,EDM/Dance
2026-01-11T23:28:00Z,Losing It,Fisher,120471,EDM/Dance
2026-01-12T09:34:00Z,Losing It,Fisher,105795,EDM/Dance
2026-01-12T13:37:00Z,Weird Fishes/Arpeggi,Radiohead,109144,Mellow/Rock/Hip-Hop
2026-01-12T16:46:00Z,Heroes,Alesso,95706,EDM/Dance
2026-01-12T20:23:00Z,Everything In Its Right Place,Radiohead,190264,Mellow/Rock/Hip-Hop
2026-01-12T20:29:00Z,Rap Meri Jaan,KR$NA,237825,Mellow/Rock/Hip-Hop
2026-01-12T22:02:00Z,Nude,Radiohead,165259,Mellow/Rock/Hip-Hop
2026-01-13T09:43:00Z,Namastute,Seedhe Maut,231374,Mellow/Rock/Hip-Hop
2026-01-13T10:11:00Z,Losing It,Fisher,230839,EDM/Dance
2026-01-13T13:59:00Z,Fake Empire,The National,119581,Mellow/Rock/Hip-Hop
2026-01-13T14:15:00Z,Namastute,Seedhe Maut,210750,Mellow/Rock/Hip-Hop
2026-01-13T14:53:00Z,Everything In Its Right Place,Radiohead,90910,Mellow/Rock/Hip-Hop
2026-01-13T21:43:00Z,Fake Empire,The National,232723,Mellow/Rock/Hip-Hop
2026-01-14T14:13:00Z,Weird Fishes/Arpeggi,Radiohead,107639,Mellow/Rock/Hip-Hop
2026-01-14T19:28:00Z,Weird Fishes/Arpeggi,Radiohead,151430,Mellow/Rock/Hip-Hop
2026-01-14T21:38:00Z,Animals,Martin Garrix,102760,EDM/Dance
2026-01-15T11:32:00Z,Weird Fishes/Arpeggi,Radiohead,165828,Mellow/Rock/Hip-Hop
2026-01-15T12:40:00Z,Weird Fishes/Arpeggi,Radiohead,201988,Mellow/Rock/Hip-Hop
2026-01-15T17:36:00Z,Sheikh Chilli,Raftaar,174060,Mellow/Rock/Hip-Hop
2026-01-15T18:41:00Z,Weird Fishes/Arpeggi,Radiohead,189917,Mellow/Rock/Hip-Hop
2026-01-15T20:26:00Z,Mumbai 10,Divine,129116,Mellow/Rock/Hip-Hop
2026-01-15T22:15:00Z,Everything In Its Right Place,Radiohead,149072,Mellow/Rock/Hip-Hop
2026-01-15T23:14:00Z,Everything In Its Right Place,Radiohead,198412,Mellow/Rock/Hip-Hop
2026-01-16T08:35:00Z,Heroes,Alesso,198180,EDM/Dance
2026-01-16T08:55:00Z,Never Sleep Alone,Kaskade,109079,EDM/Dance
2026-01-16T09:34:00Z,Mumbai 10,Divine,139933,Mellow/Rock/Hip-Hop
2026-01-16T17:41:00Z,Holocene,Bon Iver,110727,Mellow/Rock/Hip-Hop
2026-01-16T23:08:00Z,Rap Meri Jaan,KR$NA,191821,Mellow/Rock/Hip-Hop
2026-01-17T10:47:00Z,Holocene,Bon Iver,215546,Mellow/Rock/Hip-Hop
2026-01-17T13:25:00Z,Sheikh Chilli,Raftaar,152739,Mellow/Rock/Hip-Hop
2026-01-17T13:30:00Z,Rap Meri Jaan,KR$NA,144759,Mellow/Rock/Hip-Hop
2026-01-17T16:58:00Z,Mumbai 10,Divine,94019,Mellow/Rock/Hip-Hop
2026-01-18T13:23:00Z,Mumbai 10,Divine,172030,Mellow/Rock/Hip-Hop
2026-01-18T14:47:00Z,Sheikh Chilli,Raftaar,128252,Mellow/Rock/Hip-Hop
2026-01-18T15:48:00Z,Mumbai 10,Divine,218089,Mellow/Rock/Hip-Hop
2026-01-18T18:19:00Z,Suno,Prabh Deep,158566,Mellow/Rock/Hip-Hop
2026-01-18T19:36:00Z,Holocene,Bon Iver,154416,Mellow/Rock/Hip-Hop
2026-01-18T20:18:00Z,Alone,Marshmello,129953,EDM/Dance
2026-01-18T21:06:00Z,Suno,Prabh Deep,213074,Mellow/Rock/Hip-Hop
2026-01-19T07:26:00Z,Weird Fishes/Arpeggi,Radiohead,126042,Mellow/Rock/Hip-Hop
2026-01-19T09:45:00Z,Holocene,Bon Iver,129591,Mellow/Rock/Hip-Hop
2026-01-19T12:58:00Z,Suno,Prabh Deep,232117,Mellow/Rock/Hip-Hop
2026-01-19T18:10:00Z,Everything In Its Right Place,Radiohead,126689,Mellow/Rock/Hip-Hop
2026-01-19T20:00:00Z,Alone,Marshmello,94384,EDM/Dance
2026-01-19T21:23:00Z,Alone,Marshmello,105846,EDM/Dance
2026-01-19T22:42:00Z,Sheikh Chilli,Raftaar,217888,Mellow/Rock/Hip-Hop
2026-01-19T23:02:00Z,Weird Fishes/Arpeggi,Radiohead,109485,Mellow/Rock/Hip-Hop
2026-01-20T07:32:00Z,Fake Empire,The National,202872,Mellow/Rock/Hip-Hop
2026-01-20T09:25:00Z,Weird Fishes/Arpeggi,Radiohead,189421,Mellow/Rock/Hip-Hop
2026-01-20T10:58:00Z,Everything In Its Right Place,Radiohead,115248,Mellow/Rock/Hip-Hop
2026-01-20T13:39:00Z,Holocene,Bon Iver,228007,Mellow/Rock/Hip-Hop
2026-01-20T15:50:00Z,Mumbai 10,Divine,194044,Mellow/Rock/Hip-Hop
2026-01-20T16:43:00Z,Holocene,Bon Iver,111133,Mellow/Rock/Hip-Hop
2026-01-20T21:36:00Z,Never Sleep Alone,Kaskade,153755,EDM/Dance
2026-01-21T08:11:00Z,Sheikh Chilli,Raftaar,172440,Mellow/Rock/Hip-Hop
2026-01-21T09:43:00Z,Weird Fishes/Arpeggi,Radiohead,163498,Mellow/Rock/Hip-Hop
2026-01-21T10:57:00Z,Mumbai 10,Divine,228453,Mellow/Rock/Hip-Hop
2026-01-21T11:48:00Z,Clarity,Zedd,194410,EDM/Dance
2026-01-21T12:05:00Z,Animals,Martin Garrix,221034,EDM/Dance
2026-01-21T13:57:00Z,Holocene,Bon Iver,238579,Mellow/Rock/Hip-Hop
2026-01-22T09:32:00Z,Everything In Its Right Place,Radiohead,180664,Mellow/Rock/Hip-Hop
2026-01-22T14:53:00Z,Never Sleep Alone,Kaskade,109927,EDM/Dance
2026-01-22T19:43:00Z,Sheikh Chilli,Raftaar,231705,Mellow/Rock/Hip-Hop
2026-01-23T15:09:00Z,Nude,Radiohead,189614,Mellow/Rock/Hip-Hop
2026-01-23T16:51:00Z,Strobe,Deadmau5,154605,EDM/Dance
2026-01-23T19:49:00Z,Sheikh Chilli,Raftaar,175557,Mellow/Rock/Hip-Hop
2026-01-23T20:11:00Z,Namastute,Seedhe Maut,189633,Mellow/Rock/Hip-Hop
2026-01-23T21:31:00Z,Never Be Like You,Flume,149805,EDM/Dance
2026-01-24T09:38:00Z,Alone,Marshmello,175047,EDM/Dance
2026-01-24T12:08:00Z,Namastute,Seedhe Maut,160495,Mellow/Rock/Hip-Hop
2026-01-24T12:27:00Z,Beautiful Creatures,Illenium,207661,EDM/Dance
2026-01-24T14:36:00Z,Rap Meri Jaan,KR$NA,226604,Mellow/Rock/Hip-Hop
2026-01-24T16:26:00Z,Weird Fishes/Arpeggi,Radiohead,191659,Mellow/Rock/Hip-Hop
2026-01-24T17:23:00Z,Never Sleep Alone,Kaskade,117931,EDM/Dance
2026-01-24T20:06:00Z,Rap Meri Jaan,KR$NA,96884,Mellow/Rock/Hip-Hop
2026-01-24T21:23:00Z,Never Be Like You,Flume,160717,EDM/Dance
2026-01-25T13:29:00Z,Suno,Prabh Deep,118042,Mellow/Rock/Hip-Hop
2026-01-25T18:16:00Z,Nude,Radiohead,154642,Mellow/Rock/Hip-Hop
2026-01-25T19:21:00Z,Weird Fishes/Arpeggi,Radiohead,189585,Mellow/Rock/Hip-Hop
2026-01-25T20:17:00Z,Everything In Its Right Place,Radiohead,200389,Mellow/Rock/Hip-Hop
2026-01-25T21:21:00Z,Mumbai 10,Divine,202883,Mellow/Rock/Hip-Hop
2026-01-26T11:19:00Z,Sheikh Chilli,Raftaar,174060,Mellow/Rock/Hip-Hop
2026-01-26T12:43:00Z,Rap Meri Jaan,KR$NA,234205,Mellow/Rock/Hip-Hop
2026-01-26T13:28:00Z,Heroes,Alesso,166370,EDM/Dance
2026-01-26T14:16:00Z,Never Be Like You,Flume,130407,EDM/Dance
2026-01-26T16:47:00Z,Mumbai 10,Divine,218714,Mellow/Rock/Hip-Hop
2026-01-26T17:24:00Z,Holocene,Bon Iver,163479,Mellow/Rock/Hip-Hop
2026-01-26T18:07:00Z,Namastute,Seedhe Maut,237810,Mellow/Rock/Hip-Hop
2026-01-26T20:43:00Z,Nude,Radiohead,220889,Mellow/Rock/Hip-Hop
2026-01-26T22:20:00Z,Holocene,Bon Iver,136566,Mellow/Rock/Hip-Hop
2026-01-27T08:50:00Z,Namastute,Seedhe Maut,184248,Mellow/Rock/Hip-Hop
2026-01-27T09:06:00Z,Rap Meri Jaan,KR$NA,155072,Mellow/Rock/Hip-Hop
2026-01-27T12:41:00Z,Mumbai 10,Divine,101612,Mellow/Rock/Hip-Hop
2026-01-27T14:28:00Z,Rap Meri Jaan,KR$NA,188073,Mellow/Rock/Hip-Hop
2026-01-27T15:14:00Z,Beautiful Creatures,Illenium,223870,EDM/Dance
2026-01-27T17:50:00Z,Namastute,Seedhe Maut,202841,Mellow/Rock/Hip-Hop
2026-01-27T22:37:00Z,Suno,Prabh Deep,195068,Mellow/Rock/Hip-Hop
2026-01-27T23:09:00Z,Sheikh Chilli,Raftaar,180431,Mellow/Rock/Hip-Hop
2026-01-28T10:53:00Z,Nude,Radiohead,127139,Mellow/Rock/Hip-Hop
2026-01-28T21:50:00Z,Mumbai 10,Divine,144229,Mellow/Rock/Hip-Hop
2026-01-28T22:06:00Z,Mumbai 10,Divine,204862,Mellow/Rock/Hip-Hop
2026-01-29T08:51:00Z,Fake Empire,The National,120168,Mellow/Rock/Hip-Hop
2026-01-29T10:43:00Z,Losing It,Fisher,133084,EDM/Dance
2026-01-29T12:23:00Z,Rap Meri Jaan,KR$NA,175454,Mellow/Rock/Hip-Hop
2026-01-29T12:40:00Z,Everything In Its Right Place,Radiohead,203281,Mellow/Rock/Hip-Hop
2026-01-29T13:17:00Z,Holocene,Bon Iver,106400,Mellow/Rock/Hip-Hop
2026-01-29T13:28:00Z,Sheikh Chilli,Raftaar,202604,Mellow/Rock/Hip-Hop
2026-01-29T20:29:00Z,Rap Meri Jaan,KR$NA,150779,Mellow/Rock/Hip-Hop
2026-01-29T23:11:00Z,Holocene,Bon Iver,234679,Mellow/Rock/Hip-Hop
2026-01-30T09:43:00Z,Sheikh Chilli,Raftaar,125113,Mellow/Rock/Hip-Hop
2026-01-30T12:52:00Z,Suno,Prabh Deep,167973,Mellow/Rock/Hip-Hop
2026-01-30T19:37:00Z,Sheikh Chilli,Raftaar,119945,Mellow/Rock/Hip-Hop
2026-01-30T23:40:00Z,Suno,Prabh Deep,172157,Mellow/Rock/Hip-Hop
2026-01-31T07:31:00Z,Mumbai 10,Divine,125791,Mellow/Rock/Hip-Hop
2026-01-31T11:36:00Z,Namastute,Seedhe Maut,190587,Mellow/Rock/Hip-Hop
2026-01-31T12:20:00Z,Everything In Its Right Place,Radiohead,208227,Mellow/Rock/Hip-Hop
2026-01-31T12:35:00Z,Suno,Prabh Deep,133742,Mellow/Rock/Hip-Hop
2026-01-31T18:44:00Z,Everything In Its Right Place,Radiohead,127056,Mellow/Rock/Hip-Hop
2026-02-01T12:49:00Z,Fake Empire,The National,209884,Mellow/Rock/Hip-Hop
2026-02-01T16:02:00Z,Holocene,Bon Iver,162051,Mellow/Rock/Hip-Hop
2026-02-01T22:10:00Z,Suno,Prabh Deep,111671,Mellow/Rock/Hip-Hop
2026-02-01T22:26:00Z,Rap Meri Jaan,KR$NA,218902,Mellow/Rock/Hip-Hop
2026-02-02T09:28:00Z,Mumbai 10,Divine,120772,Mellow/Rock/Hip-Hop
2026-02-02T13:27:00Z,Suno,Prabh Deep,116847,Mellow/Rock/Hip-Hop
2026-02-02T13:51:00Z,Holocene,Bon Iver,181915,Mellow/Rock/Hip-Hop
2026-02-02T16:55:00Z,Holocene,Bon Iver,98449,Mellow/Rock/Hip-Hop
2026-02-02T18:34:00Z,Rap Meri Jaan,KR$NA,100907,Mellow/Rock/Hip-Hop
2026-02-02T20:10:00Z,Sheikh Chilli,Raftaar,126499,Mellow/Rock/Hip-Hop
2026-02-02T23:07:00Z,Rap Meri Jaan,KR$NA,119938,Mellow/Rock/Hip-Hop
2026-02-03T08:17:00Z,Namastute,Seedhe Maut,123262,Mellow/Rock/Hip-Hop
2026-02-03T09:46:00Z,Weird Fishes/Arpeggi,Radiohead,210179,Mellow/Rock/Hip-Hop
2026-02-03T14:09:00Z,Everything In Its Right Place,Radiohead,174435,Mellow/Rock/Hip-Hop
2026-02-03T17:45:00Z,Everything In Its Right Place,Radiohead,166712,Mellow/Rock/Hip-Hop
2026-02-03T18:29:00Z,Fake Empire,The National,217937,Mellow/Rock/Hip-Hop
2026-02-03T18:34:00Z,Weird Fishes/Arpeggi,Radiohead,163684,Mellow/Rock/Hip-Hop
2026-02-03T21:04:00Z,Namastute,Seedhe Maut,114404,Mellow/Rock/Hip-Hop
2026-02-03T22:09:00Z,Namastute,Seedhe Maut,160442,Mellow/Rock/Hip-Hop
2026-02-03T23:57:00Z,Fake Empire,The National,114962,Mellow/Rock/Hip-Hop
2026-02-04T08:06:00Z,Weird Fishes/Arpeggi,Radiohead,210476,Mellow/Rock/Hip-Hop
2026-02-04T11:36:00Z,Sheikh Chilli,Raftaar,217228,Mellow/Rock/Hip-Hop
2026-02-04T12:55:00Z,Fake Empire,The National,161832,Mellow/Rock/Hip-Hop
2026-02-04T13:44:00Z,Namastute,Seedhe Maut,124580,Mellow/Rock/Hip-Hop
2026-02-04T15:05:00Z,Losing It,Fisher,187476,EDM/Dance
2026-02-04T15:20:00Z,Suno,Prabh Deep,164342,Mellow/Rock/Hip-Hop
2026-02-04T19:13:00Z,Nude,Radiohead,202628,Mellow/Rock/Hip-Hop
2026-02-04T21:29:00Z,Line Of Sight,ODESZA,90177,EDM/Dance
2026-02-05T09:14:00Z,Suno,Prabh Deep,190419,Mellow/Rock/Hip-Hop
2026-02-05T09:33:00Z,Everything In Its Right Place,Radiohead,237663,Mellow/Rock/Hip-Hop
2026-02-05T10:00:00Z,Nude,Radiohead,145947,Mellow/Rock/Hip-Hop
2026-02-05T10:20:00Z,Beautiful Creatures,Illenium,186354,EDM/Dance
2026-02-05T10:55:00Z,Losing It,Fisher,200707,EDM/Dance
2026-02-05T14:33:00Z,Everything In Its Right Place,Radiohead,206671,Mellow/Rock/Hip-Hop
2026-02-05T16:46:00Z,Namastute,Seedhe Maut,151379,Mellow/Rock/Hip-Hop
2026-02-05T19:49:00Z,Everything In Its Right Place,Radiohead,124903,Mellow/Rock/Hip-Hop
2026-02-06T11:48:00Z,Beautiful Creatures,Illenium,122284,EDM/Dance
2026-02-06T13:40:00Z,Mumbai 10,Divine,129681,Mellow/Rock/Hip-Hop
2026-02-06T21:55:00Z,Sheikh Chilli,Raftaar,146949,Mellow/Rock/Hip-Hop
2026-02-07T09:33:00Z,Sheikh Chilli,Raftaar,93163,Mellow/Rock/Hip-Hop
2026-02-07T11:24:00Z,Mumbai 10,Divine,238997,Mellow/Rock/Hip-Hop
2026-02-07T14:35:00Z,Nude,Radiohead,164690,Mellow/Rock/Hip-Hop
2026-02-07T16:13:00Z,Weird Fishes/Arpeggi,Radiohead,225724,Mellow/Rock/Hip-Hop
2026-02-07T17:50:00Z,Namastute,Seedhe Maut,126655,Mellow/Rock/Hip-Hop
2026-02-07T19:18:00Z,Holocene,Bon Iver,104304,Mellow/Rock/Hip-Hop
2026-02-07T22:24:00Z,Holocene,Bon Iver,119555,Mellow/Rock/Hip-Hop
2026-02-08T08:59:00Z,Clarity,Zedd,105851,EDM/Dance
2026-02-08T09:01:00Z,Suno,Prabh Deep,107703,Mellow/Rock/Hip-Hop
2026-02-08T11:34:00Z,Clarity,Zedd,175655,EDM/Dance
2026-02-08T15:05:00Z,Everything In Its Right Place,Radiohead,171240,Mellow/Rock/Hip-Hop
2026-02-08T19:05:00Z,Namastute,Seedhe Maut,230657,Mellow/Rock/Hip-Hop
2026-02-08T23:18:00Z,Namastute,Seedhe Maut,221346,Mellow/Rock/Hip-Hop
2026-02-09T08:15:00Z,Holocene,Bon Iver,112600,Mellow/Rock/Hip-Hop
2026-02-09T10:00:00Z,Everything In Its Right Place,Radiohead,125969,Mellow/Rock/Hip-Hop
2026-02-09T12:23:00Z,Fake Empire,The National,123274,Mellow/Rock/Hip-Hop
2026-02-09T16:44:00Z,Nude,Radiohead,204684,Mellow/Rock/Hip-Hop
2026-02-09T21:39:00Z,Nude,Radiohead,104425,Mellow/Rock/Hip-Hop
2026-02-09T22:22:00Z,Everything In Its Right Place,Radiohead,227102,Mellow/Rock/Hip-Hop
2026-02-10T07:21:00Z,Nude,Radiohead,202544,Mellow/Rock/Hip-Hop
2026-02-10T10:14:00Z,Sheikh Chilli,Raftaar,223385,Mellow/Rock/Hip-Hop
2026-02-10T12:59:00Z,Everything In Its Right Place,Radiohead,99270,Mellow/Rock/Hip-Hop
2026-02-10T14:02:00Z,Animals,Martin Garrix,213670,EDM/Dance
2026-02-10T14:20:00Z,Namastute,Seedhe Maut,155080,Mellow/Rock/Hip-Hop
2026-02-10T15:45:00Z,Nude,Radiohead,110203,Mellow/Rock/Hip-Hop
2026-02-10T18:03:00Z,Rap Meri Jaan,KR$NA,220969,Mellow/Rock/Hip-Hop
2026-02-10T18:10:00Z,Everything In Its Right Place,Radiohead,156877,Mellow/Rock/Hip-Hop
2026-02-11T09:56:00Z,Namastute,Seedhe Maut,211921,Mellow/Rock/Hip-Hop
2026-02-11T12:14:00Z,Weird Fishes/Arpeggi,Radiohead,225207,Mellow/Rock/Hip-Hop
2026-02-11T13:18:00Z,Mumbai 10,Divine,237798,Mellow/Rock/Hip-Hop
2026-02-11T14:29:00Z,Sheikh Chilli,Raftaar,186540,Mellow/Rock/Hip-Hop
2026-02-11T17:05:00Z,Fake Empire,The National,234989,Mellow/Rock/Hip-Hop
2026-02-11T18:07:00Z,Nude,Radiohead,221607,Mellow/Rock/Hip-Hop
2026-02-12T08:58:00Z,Nude,Radiohead,150679,Mellow/Rock/Hip-Hop
2026-02-12T10:13:00Z,Fake Empire,The National,228887,Mellow/Rock/Hip-Hop
2026-02-12T14:09:00Z,Holocene,Bon Iver,91671,Mellow/Rock/Hip-Hop
2026-02-12T14:34:00Z,Weird Fishes/Arpeggi,Radiohead,180812,Mellow/Rock/Hip-Hop
2026-02-12T17:00:00Z,Weird Fishes/Arpeggi,Radiohead,188638,Mellow/Rock/Hip-Hop
2026-02-12T20:44:00Z,Rap Meri Jaan,KR$NA,187646,Mellow/Rock/Hip-Hop
2026-02-12T22:03:00Z,Namastute,Seedhe Maut,127322,Mellow/Rock/Hip-Hop
2026-02-13T08:27:00Z,Strobe,Deadmau5,124264,EDM/Dance
2026-02-13T11:49:00Z,Holocene,Bon Iver,118566,Mellow/Rock/Hip-Hop
2026-02-13T17:28:00Z,Mumbai 10,Divine,161291,Mellow/Rock/Hip-Hop
2026-02-13T17:59:00Z,Fake Empire,The National,193010,Mellow/Rock/Hip-Hop
2026-02-13T21:29:00Z,Line Of Sight,ODESZA,172321,EDM/Dance
2026-02-13T23:08:00Z,Beautiful Creatures,Illenium,193376,EDM/Dance
2026-02-14T08:13:00Z,Sheikh Chilli,Raftaar,175929,Mellow/Rock/Hip-Hop
2026-02-14T09:10:00Z,Nude,Radiohead,169748,Mellow/Rock/Hip-Hop
2026-02-14T15:52:00Z,Never Be Like You,Flume,135578,EDM/Dance
2026-02-14T18:25:00Z,Holocene,Bon Iver,224600,Mellow/Rock/Hip-Hop
2026-02-14T21:19:00Z,Holocene,Bon Iver,211463,Mellow/Rock/Hip-Hop
2026-02-14T21:35:00Z,Never Sleep Alone,Kaskade,234210,EDM/Dance
2026-02-15T10:00:00Z,Line Of Sight,ODESZA,106166,EDM/Dance
2026-02-15T11:12:00Z,Holocene,Bon Iver,195010,Mellow/Rock/Hip-Hop
2026-02-15T13:57:00Z,Beautiful Creatures,Illenium,206242,EDM/Dance
2026-02-15T15:58:00Z,Nude,Radiohead,109657,Mellow/Rock/Hip-Hop
2026-02-16T07:24:00Z,Rap Meri Jaan,KR$NA,184139,Mellow/Rock/Hip-Hop
2026-02-16T10:02:00Z,Mumbai 10,Divine,210847,Mellow/Rock/Hip-Hop
2026-02-16T14:41:00Z,Weird Fishes/Arpeggi,Radiohead,167360,Mellow/Rock/Hip-Hop
2026-02-16T15:17:00Z,Everything In Its Right Place,Radiohead,206919,Mellow/Rock/Hip-Hop
2026-02-16T18:58:00Z,Suno,Prabh Deep,238282,Mellow/Rock/Hip-Hop
2026-02-16T20:11:00Z,Namastute,Seedhe Maut,182784,Mellow/Rock/Hip-Hop
2026-02-16T20:12:00Z,Everything In Its Right Place,Radiohead,227839,Mellow/Rock/Hip-Hop
2026-02-16T20:52:00Z,Strobe,Deadmau5,193546,EDM/Dance
2026-02-16T22:03:00Z,Rap Meri Jaan,KR$NA,112995,Mellow/Rock/Hip-Hop
2026-02-17T08:51:00Z,Never Be Like You,Flume,213649,EDM/Dance
2026-02-17T14:10:00Z,Sheikh Chilli,Raftaar,116249,Mellow/Rock/Hip-Hop
2026-02-17T15:34:00Z,Holocene,Bon Iver,104656,Mellow/Rock/Hip-Hop
2026-02-17T17:38:00Z,Weird Fishes/Arpeggi,Radiohead,147414,Mellow/Rock/Hip-Hop
2026-02-17T17:51:00Z,Sheikh Chilli,Raftaar,184052,Mellow/Rock/Hip-Hop
2026-02-17T18:36:00Z,Weird Fishes/Arpeggi,Radiohead,237746,Mellow/Rock/Hip-Hop
2026-02-17T19:22:00Z,Holocene,Bon Iver,135537,Mellow/Rock/Hip-Hop
2026-02-18T07:21:00Z,Heroes,Alesso,142812,EDM/Dance
2026-02-18T12:58:00Z,Mumbai 10,Divine,174826,Mellow/Rock/Hip-Hop
2026-02-18T14:38:00Z,Animals,Martin Garrix,147359,EDM/Dance
2026-02-18T16:11:00Z,Suno,Prabh Deep,218564,Mellow/Rock/Hip-Hop
2026-02-19T10:54:00Z,Everything In Its Right Place,Radiohead,227965,Mellow/Rock/Hip-Hop
2026-02-19T16:20:00Z,Mumbai 10,Divine,125769,Mellow/Rock/Hip-Hop
2026-02-19T18:45:00Z,Nude,Radiohead,193703,Mellow/Rock/Hip-Hop
2026-02-20T11:11:00Z,Fake Empire,The National,90471,Mellow/Rock/Hip-Hop
2026-02-20T17:11:00Z,Suno,Prabh Deep,237318,Mellow/Rock/Hip-Hop
2026-02-20T18:14:00Z,Sheikh Chilli,Raftaar,135967,Mellow/Rock/Hip-Hop
2026-02-20T19:54:00Z,Sheikh Chilli,Raftaar,238762,Mellow/Rock/Hip-Hop
2026-02-21T11:21:00Z,Heroes,Alesso,110396,EDM/Dance
2026-02-21T12:40:00Z,Mumbai 10,Divine,113258,Mellow/Rock/Hip-Hop
2026-02-21T14:40:00Z,Sheikh Chilli,Raftaar,238255,Mellow/Rock/Hip-Hop
2026-02-22T09:21:00Z,Nude,Radiohead,134592,Mellow/Rock/Hip-Hop
2026-02-22T09:35:00Z,Everything In Its Right Place,Radiohead,114406,Mellow/Rock/Hip-Hop
2026-02-22T10:53:00Z,Namastute,Seedhe Maut,215695,Mellow/Rock/Hip-Hop
2026-02-22T14:10:00Z,Sheikh Chilli,Raftaar,208302,Mellow/Rock/Hip-Hop
2026-02-22T16:01:00Z,Animals,Martin Garrix,173549,EDM/Dance
2026-02-22T18:16:00Z,Nude,Radiohead,118320,Mellow/Rock/Hip-Hop
2026-02-22T19:28:00Z,Weird Fishes/Arpeggi,Radiohead,200009,Mellow/Rock/Hip-Hop
2026-02-22T21:00:00Z,Mumbai 10,Divine,159523,Mellow/Rock/Hip-Hop
2026-02-22T22:56:00Z,Namastute,Seedhe Maut,189277,Mellow/Rock/Hip-Hop
2026-02-23T07:27:00Z,Suno,Prabh Deep,133253,Mellow/Rock/Hip-Hop
2026-02-23T08:25:00Z,Nude,Radiohead,239886,Mellow/Rock/Hip-Hop
2026-02-23T12:03:00Z,Namastute,Seedhe Maut,116544,Mellow/Rock/Hip-Hop
2026-02-23T15:42:00Z,Rap Meri Jaan,KR$NA,163799,Mellow/Rock/Hip-Hop
2026-02-23T20:44:00Z,Holocene,Bon Iver,235257,Mellow/Rock/Hip-Hop
2026-02-24T07:27:00Z,Losing It,Fisher,112971,EDM/Dance
2026-02-24T09:41:00Z,Fake Empire,The National,232639,Mellow/Rock/Hip-Hop
2026-02-24T16:05:00Z,Line Of Sight,ODESZA,214143,EDM/Dance
2026-02-24T19:23:00Z,Mumbai 10,Divine,138911,Mellow/Rock/Hip-Hop
2026-02-24T19:30:00Z,Fake Empire,The National,218213,Mellow/Rock/Hip-Hop
2026-02-24T21:29:00Z,Fake Empire,The National,159048,Mellow/Rock/Hip-Hop
2026-02-24T22:12:00Z,Sheikh Chilli,Raftaar,115424,Mellow/Rock/Hip-Hop
2026-02-25T10:05:00Z,Everything In Its Right Place,Radiohead,180122,Mellow/Rock/Hip-Hop
2026-02-25T14:35:00Z,Namastute,Seedhe Maut,105986,Mellow/Rock/Hip-Hop
2026-02-25T20:34:00Z,Rap Meri Jaan,KR$NA,214472,Mellow/Rock/Hip-Hop
2026-02-25T22:19:00Z,Holocene,Bon Iver,110697,Mellow/Rock/Hip-Hop
2026-02-26T09:43:00Z,Never Sleep Alone,Kaskade,204135,EDM/Dance
2026-02-26T11:07:00Z,Sheikh Chilli,Raftaar,207713,Mellow/Rock/Hip-Hop
2026-02-26T13:51:00Z,Everything In Its Right Place,Radiohead,140521,Mellow/Rock/Hip-Hop
2026-02-26T15:20:00Z,Everything In Its Right Place,Radiohead,107566,Mellow/Rock/Hip-Hop
2026-02-26T19:35:00Z,Alone,Marshmello,175492,EDM/Dance
2026-02-26T23:51:00Z,Rap Meri Jaan,KR$NA,239811,Mellow/Rock/Hip-Hop
2026-02-27T07:21:00Z,Mumbai 10,Divine,169444,Mellow/Rock/Hip-Hop
2026-02-27T10:50:00Z,Sheikh Chilli,Raftaar,164997,Mellow/Rock/Hip-Hop
2026-02-27T10:55:00Z,Suno,Prabh Deep,149757,Mellow/Rock/Hip-Hop
2026-02-27T11:36:00Z,Line Of Sight,ODESZA,116267,EDM/Dance
2026-02-27T14:03:00Z,Mumbai 10,Divine,214575,Mellow/Rock/Hip-Hop
2026-02-27T19:02:00Z,Everything In Its Right Place,Radiohead,193754,Mellow/Rock/Hip-Hop
2026-02-27T20:16:00Z,Mumbai 10,Divine,190412,Mellow/Rock/Hip-Hop
2026-02-27T22:02:00Z,Sheikh Chilli,Raftaar,135141,Mellow/Rock/Hip-Hop
2026-02-27T23:50:00Z,Weird Fishes/Arpeggi,Radiohead,199994,Mellow/Rock/Hip-Hop
2026-02-28T13:28:00Z,Nude,Radiohead,145414,Mellow/Rock/Hip-Hop
2026-02-28T15:46:00Z,Mumbai 10,Divine,199254,Mellow/Rock/Hip-Hop
2026-02-28T22:48:00Z,Namastute,Seedhe Maut,225397,Mellow/Rock/Hip-Hop
2026-02-28T23:50:00Z,Weird Fishes/Arpeggi,Radiohead,131673,Mellow/Rock/Hip-Hop
2026-03-01T08:58:00Z,Suno,Prabh Deep,184470,Mellow/Rock/Hip-Hop
2026-03-01T13:53:00Z,Clarity,Zedd,105106,EDM/Dance
2026-03-01T23:56:00Z,Everything In Its Right Place,Radiohead,239074,Mellow/Rock/Hip-Hop
2026-03-02T07:14:00Z,Sheikh Chilli,Raftaar,156162,Mellow/Rock/Hip-Hop
2026-03-02T09:18:00Z,Fake Empire,The National,97195,Mellow/Rock/Hip-Hop
2026-03-02T13:54:00Z,Everything In Its Right Place,Radiohead,148025,Mellow/Rock/Hip-Hop
2026-03-02T15:41:00Z,Holocene,Bon Iver,197349,Mellow/Rock/Hip-Hop
2026-03-02T18:22:00Z,Suno,Prabh Deep,132864,Mellow/Rock/Hip-Hop
2026-03-02T18:31:00Z,Holocene,Bon Iver,206943,Mellow/Rock/Hip-Hop
2026-03-02T22:58:00Z,Weird Fishes/Arpeggi,Radiohead,124685,Mellow/Rock/Hip-Hop
2026-03-02T23:25:00Z,Suno,Prabh Deep,122472,Mellow/Rock/Hip-Hop
2026-03-03T08:51:00Z,Holocene,Bon Iver,195931,Mellow/Rock/Hip-Hop
2026-03-03T15:13:00Z,Suno,Prabh Deep,212342,Mellow/Rock/Hip-Hop
2026-03-03T15:40:00Z,Mumbai 10,Divine,175232,Mellow/Rock/Hip-Hop
2026-03-03T16:12:00Z,Fake Empire,The National,129303,Mellow/Rock/Hip-Hop
2026-03-03T16:19:00Z,Losing It,Fisher,118338,EDM/Dance
2026-03-03T19:37:00Z,Rap Meri Jaan,KR$NA,116820,Mellow/Rock/Hip-Hop
2026-03-03T20:57:00Z,Fake Empire,The National,188690,Mellow/Rock/Hip-Hop
2026-03-04T12:18:00Z,Rap Meri Jaan,KR$NA,115586,Mellow/Rock/Hip-Hop
2026-03-04T12:43:00Z,Fake Empire,The National,177984,Mellow/Rock/Hip-Hop
2026-03-04T13:21:00Z,Sheikh Chilli,Raftaar,148291,Mellow/Rock/Hip-Hop
2026-03-04T18:14:00Z,Holocene,Bon Iver,170500,Mellow/Rock/Hip-Hop
2026-03-04T18:16:00Z,Mumbai 10,Divine,167083,Mellow/Rock/Hip-Hop
2026-03-04T18:32:00Z,Suno,Prabh Deep,168694,Mellow/Rock/Hip-Hop
2026-03-04T19:47:00Z,Namastute,Seedhe Maut,99258,Mellow/Rock/Hip-Hop
2026-03-04T22:18:00Z,Animals,Martin Garrix,158007,EDM/Dance
2026-03-05T09:30:00Z,Sheikh Chilli,Raftaar,140998,Mellow/Rock/Hip-Hop
2026-03-05T09:31:00Z,Everything In Its Right Place,Radiohead,177196,Mellow/Rock/Hip-Hop
2026-03-05T11:12:00Z,Line Of Sight,ODESZA,179828,EDM/Dance
2026-03-05T17:40:00Z,Everything In Its Right Place,Radiohead,105207,Mellow/Rock/Hip-Hop
2026-03-05T21:09:00Z,Sheikh Chilli,Raftaar,172938,Mellow/Rock/Hip-Hop
2026-03-05T23:19:00Z,Namastute,Seedhe Maut,198293,Mellow/Rock/Hip-Hop
2026-03-06T07:02:00Z,Namastute,Seedhe Maut,229927,Mellow/Rock/Hip-Hop
2026-03-06T12:31:00Z,Line Of Sight,ODESZA,113079,EDM/Dance
2026-03-06T20:25:00Z,Never Sleep Alone,Kaskade,202466,EDM/Dance
2026-03-07T14:44:00Z,Holocene,Bon Iver,180269,Mellow/Rock/Hip-Hop
2026-03-07T16:18:00Z,Animals,Martin Garrix,209518,EDM/Dance
2026-03-07T19:32:00Z,Nude,Radiohead,170246,Mellow/Rock/Hip-Hop
2026-03-07T23:12:00Z,Mumbai 10,Divine,94696,Mellow/Rock/Hip-Hop
2026-03-08T08:38:00Z,Fake Empire,The National,102572,Mellow/Rock/Hip-Hop
2026-03-08T08:44:00Z,Weird Fishes/Arpeggi,Radiohead,120353,Mellow/Rock/Hip-Hop
2026-03-08T10:23:00Z,Everything In Its Right Place,Radiohead,99794,Mellow/Rock/Hip-Hop
2026-03-08T10:35:00Z,Namastute,Seedhe Maut,156253,Mellow/Rock/Hip-Hop
2026-03-08T11:13:00Z,Clarity,Zedd,95744,EDM/Dance
2026-03-08T11:21:00Z,Namastute,Seedhe Maut,218497,Mellow/Rock/Hip-Hop
2026-03-08T12:58:00Z,Holocene,Bon Iver,195746,Mellow/Rock/Hip-Hop
2026-03-08T13:44:00Z,Everything In Its Right Place,Radiohead,92439,Mellow/Rock/Hip-Hop
2026-03-09T13:22:00Z,Rap Meri Jaan,KR$NA,197415,Mellow/Rock/Hip-Hop
2026-03-09T15:39:00Z,Alone,Marshmello,125956,EDM/Dance
2026-03-09T22:12:00Z,Nude,Radiohead,142363,Mellow/Rock/Hip-Hop
2026-03-09T22:58:00Z,Weird Fishes/Arpeggi,Radiohead,144445,Mellow/Rock/Hip-Hop
2026-03-09T23:46:00Z,Nude,Radiohead,120863,Mellow/Rock/Hip-Hop
2026-03-10T07:42:00Z,Animals,Martin Garrix,113331,EDM/Dance
2026-03-10T07:54:00Z,Animals,Martin Garrix,126279,EDM/Dance
2026-03-10T08:54:00Z,Line Of Sight,ODESZA,166170,EDM/Dance
2026-03-10T10:57:00Z,Nude,Radiohead,157080,Mellow/Rock/Hip-Hop
2026-03-10T16:16:00Z,Suno,Prabh Deep,211707,Mellow/Rock/Hip-Hop
2026-03-10T17:22:00Z,Everything In Its Right Place,Radiohead,204744,Mellow/Rock/Hip-Hop
2026-03-10T20:47:00Z,Mumbai 10,Divine,120382,Mellow/Rock/Hip-Hop
2026-03-10T22:09:00Z,Sheikh Chilli,Raftaar,113614,Mellow/Rock/Hip-Hop
2026-03-11T07:55:00Z,Sheikh Chilli,Raftaar,124250,Mellow/Rock/Hip-Hop
2026-03-11T10:56:00Z,Suno,Prabh Deep,197815,Mellow/Rock/Hip-Hop
2026-03-11T12:06:00Z,Animals,Martin Garrix,199059,EDM/Dance
2026-03-11T15:53:00Z,Suno,Prabh Deep,191113,Mellow/Rock/Hip-Hop
2026-03-11T17:11:00Z,Mumbai 10,Divine,119840,Mellow/Rock/Hip-Hop
2026-03-11T20:41:00Z,Suno,Prabh Deep,133720,Mellow/Rock/Hip-Hop
2026-03-11T21:11:00Z,Suno,Prabh Deep,189549,Mellow/Rock/Hip-Hop
2026-03-12T07:45:00Z,Losing It,Fisher,227577,EDM/Dance
2026-03-12T08:00:00Z,Sheikh Chilli,Raftaar,131137,Mellow/Rock/Hip-Hop
2026-03-12T10:27:00Z,Sheikh Chilli,Raftaar,155162,Mellow/Rock/Hip-Hop
2026-03-12T11:53:00Z,Namastute,Seedhe Maut,236366,Mellow/Rock/Hip-Hop
2026-03-12T14:42:00Z,Sheikh Chilli,Raftaar,178683,Mellow/Rock/Hip-Hop
2026-03-12T22:55:00Z,Suno,Prabh Deep,133359,Mellow/Rock/Hip-Hop
2026-03-13T15:03:00Z,Losing It,Fisher,222888,EDM/Dance
2026-03-13T19:52:00Z,Never Sleep Alone,Kaskade,151603,EDM/Dance
2026-03-13T21:05:00Z,Heroes,Alesso,220667,EDM/Dance
2026-03-14T07:52:00Z,Alone,Marshmello,113827,EDM/Dance
2026-03-14T10:25:00Z,Weird Fishes/Arpeggi,Radiohead,198092,Mellow/Rock/Hip-Hop
2026-03-14T16:56:00Z,Sheikh Chilli,Raftaar,223257,Mellow/Rock/Hip-Hop
2026-03-14T17:23:00Z,Suno,Prabh Deep,104227,Mellow/Rock/Hip-Hop
2026-03-14T17:35:00Z,Suno,Prabh Deep,214029,Mellow/Rock/Hip-Hop
2026-03-14T21:07:00Z,Mumbai 10,Divine,115542,Mellow/Rock/Hip-Hop
2026-03-15T07:33:00Z,Heroes,Alesso,102732,EDM/Dance
2026-03-15T08:57:00Z,Beautiful Creatures,Illenium,133032,EDM/Dance
2026-03-15T10:16:00Z,Namastute,Seedhe Maut,141359,Mellow/Rock/Hip-Hop
2026-03-15T12:46:00Z,Everything In Its Right Place,Radiohead,123654,Mellow/Rock/Hip-Hop
2026-03-15T13:29:00Z,Never Sleep Alone,Kaskade,139959,EDM/Dance
2026-03-15T16:35:00Z,Losing It,Fisher,226835,EDM/Dance
2026-03-15T20:02:00Z,Nude,Radiohead,122301,Mellow/Rock/Hip-Hop
2026-03-15T21:42:00Z,Suno,Prabh Deep,222172,Mellow/Rock/Hip-Hop
2026-03-15T22:59:00Z,Namastute,Seedhe Maut,223256,Mellow/Rock/Hip-Hop
2026-03-16T14:17:00Z,Sheikh Chilli,Raftaar,194299,Mellow/Rock/Hip-Hop
2026-03-16T21:51:00Z,Fake Empire,The National,124962,Mellow/Rock/Hip-Hop
2026-03-16T23:56:00Z,Mumbai 10,Divine,190837,Mellow/Rock/Hip-Hop
2026-03-17T13:12:00Z,Rap Meri Jaan,KR$NA,144974,Mellow/Rock/Hip-Hop
2026-03-17T16:53:00Z,Rap Meri Jaan,KR$NA,233604,Mellow/Rock/Hip-Hop
2026-03-17T18:58:00Z,Fake Empire,The National,124779,Mellow/Rock/Hip-Hop
2026-03-17T23:34:00Z,Everything In Its Right Place,Radiohead,174510,Mellow/Rock/Hip-Hop
2026-03-18T07:33:00Z,Never Sleep Alone,Kaskade,117910,EDM/Dance
2026-03-18T08:42:00Z,Line Of Sight,ODESZA,104838,EDM/Dance
2026-03-18T08:59:00Z,Fake Empire,The National,190029,Mellow/Rock/Hip-Hop
2026-03-18T10:39:00Z,Heroes,Alesso,237294,EDM/Dance
2026-03-18T16:13:00Z,Animals,Martin Garrix,231865,EDM/Dance
2026-03-18T16:43:00Z,Line Of Sight,ODESZA,155683,EDM/Dance
2026-03-18T19:15:00Z,Rap Meri Jaan,KR$NA,223935,Mellow/Rock/Hip-Hop
2026-03-18T20:43:00Z,Heroes,Alesso,229959,EDM/Dance
2026-03-19T08:00:00Z,Mumbai 10,Divine,155887,Mellow/Rock/Hip-Hop
2026-03-19T09:11:00Z,Line Of Sight,ODESZA,135559,EDM/Dance
2026-03-19T11:10:00Z,Never Be Like You,Flume,156850,EDM/Dance
2026-03-19T13:49:00Z,Rap Meri Jaan,KR$NA,140724,Mellow/Rock/Hip-Hop
2026-03-19T14:58:00Z,Heroes,Alesso,186401,EDM/Dance
2026-03-19T19:02:00Z,Nude,Radiohead,202330,Mellow/Rock/Hip-Hop
2026-03-20T08:09:00Z,Everything In Its Right Place,Radiohead,174575,Mellow/Rock/Hip-Hop
2026-03-20T16:31:00Z,Sheikh Chilli,Raftaar,234221,Mellow/Rock/Hip-Hop
2026-03-20T23:14:00Z,Losing It,Fisher,138200,EDM/Dance
2026-03-21T10:42:00Z,Weird Fishes/Arpeggi,Radiohead,180703,Mellow/Rock/Hip-Hop
2026-03-21T14:02:00Z,Sheikh Chilli,Raftaar,174131,Mellow/Rock/Hip-Hop
2026-03-21T17:21:00Z,Clarity,Zedd,184580,EDM/Dance
2026-03-21T19:05:00Z,Namastute,Seedhe Maut,181593,Mellow/Rock/Hip-Hop
2026-03-21T19:16:00Z,Beautiful Creatures,Illenium,231619,EDM/Dance
2026-03-21T23:30:00Z,Strobe,Deadmau5,237150,EDM/Dance
2026-03-21T23:52:00Z,Weird Fishes/Arpeggi,Radiohead,188293,Mellow/Rock/Hip-Hop
2026-03-22T08:05:00Z,Losing It,Fisher,109201,EDM/Dance
2026-03-22T09:36:00Z,Never Be Like You,Flume,149675,EDM/Dance
2026-03-22T09:47:00Z,Namastute,Seedhe Maut,130305,Mellow/Rock/Hip-Hop
2026-03-22T10:10:00Z,Beautiful Creatures,Illenium,231026,EDM/Dance
2026-03-22T10:13:00Z,Namastute,Seedhe Maut,230969,Mellow/Rock/Hip-Hop
2026-03-22T13:42:00Z,Nude,Radiohead,145882,Mellow/Rock/Hip-Hop
2026-03-22T16:57:00Z,Animals,Martin Garrix,140465,EDM/Dance
2026-03-23T07:41:00Z,Beautiful Creatures,Illenium,106577,EDM/Dance
2026-03-23T08:44:00Z,Sheikh Chilli,Raftaar,109028,Mellow/Rock/Hip-Hop
2026-03-23T10:18:00Z,Alone,Marshmello,168997,EDM/Dance
2026-03-23T20:20:00Z,Never Sleep Alone,Kaskade,94427,EDM/Dance
2026-03-23T21:24:00Z,Fake Empire,The National,193576,Mellow/Rock/Hip-Hop
2026-03-24T07:35:00Z,Losing It,Fisher,235508,EDM/Dance
2026-03-24T07:36:00Z,Animals,Martin Garrix,193306,EDM/Dance
2026-03-24T08:54:00Z,Sheikh Chilli,Raftaar,233878,Mellow/Rock/Hip-Hop
2026-03-24T09:18:00Z,Alone,Marshmello,107658,EDM/Dance
2026-03-24T11:10:00Z,Alone,Marshmello,138232,EDM/Dance
2026-03-24T13:07:00Z,Never Be Like You,Flume,137541,EDM/Dance
2026-03-24T14:08:00Z,Alone,Marshmello,192496,EDM/Dance
2026-03-24T16:13:00Z,Nude,Radiohead,180138,Mellow/Rock/Hip-Hop
2026-03-24T16:40:00Z,Rap Meri Jaan,KR$NA,127768,Mellow/Rock/Hip-Hop
2026-03-25T10:18:00Z,Holocene,Bon Iver,108299,Mellow/Rock/Hip-Hop
2026-03-25T11:36:00Z,Fake Empire,The National,238599,Mellow/Rock/Hip-Hop
2026-03-25T17:22:00Z,Suno,Prabh Deep,123610,Mellow/Rock/Hip-Hop
2026-03-25T20:10:00Z,Losing It,Fisher,91266,EDM/Dance
2026-03-25T22:28:00Z,Mumbai 10,Divine,176073,Mellow/Rock/Hip-Hop
2026-03-26T09:53:00Z,Strobe,Deadmau5,163561,EDM/Dance
2026-03-26T13:16:00Z,Everything In Its Right Place,Radiohead,110044,Mellow/Rock/Hip-Hop
2026-03-26T15:53:00Z,Never Sleep Alone,Kaskade,184237,EDM/Dance
2026-03-26T22:29:00Z,Losing It,Fisher,206747,EDM/Dance
2026-03-26T22:35:00Z,Never Be Like You,Flume,118529,EDM/Dance
2026-03-27T07:52:00Z,Alone,Marshmello,196203,EDM/Dance
2026-03-27T08:35:00Z,Holocene,Bon Iver,158319,Mellow/Rock/Hip-Hop
2026-03-27T12:36:00Z,Line Of Sight,ODESZA,238324,EDM/Dance
2026-03-27T12:48:00Z,Clarity,Zedd,224777,EDM/Dance
2026-03-27T16:08:00Z,Clarity,Zedd,211818,EDM/Dance
2026-03-27T19:23:00Z,Beautiful Creatures,Illenium,221640,EDM/Dance
2026-03-27T22:22:00Z,Everything In Its Right Place,Radiohead,100595,Mellow/Rock/Hip-Hop
2026-03-27T22:41:00Z,Rap Meri Jaan,KR$NA,128963,Mellow/Rock/Hip-Hop
2026-03-28T08:41:00Z,Weird Fishes/Arpeggi,Radiohead,174953,Mellow/Rock/Hip-Hop
2026-03-28T15:53:00Z,Alone,Marshmello,159026,EDM/Dance
2026-03-28T18:14:00Z,Never Be Like You,Flume,101221,EDM/Dance
2026-03-28T18:24:00Z,Rap Meri Jaan,KR$NA,213122,Mellow/Rock/Hip-Hop
2026-03-29T09:32:00Z,Clarity,Zedd,163612,EDM/Dance
2026-03-29T12:23:00Z,Line Of Sight,ODESZA,121019,EDM/Dance
2026-03-29T14:33:00Z,Never Sleep Alone,Kaskade,196389,EDM/Dance
2026-03-29T17:46:00Z,Namastute,Seedhe Maut,119711,Mellow/Rock/Hip-Hop
2026-03-29T18:37:00Z,Never Sleep Alone,Kaskade,110404,EDM/Dance
2026-03-29T22:50:00Z,Losing It,Fisher,216382,EDM/Dance
2026-03-29T23:56:00Z,Weird Fishes/Arpeggi,Radiohead,126429,Mellow/Rock/Hip-Hop
2026-03-30T07:56:00Z,Strobe,Deadmau5,164305,EDM/Dance
2026-03-30T08:57:00Z,Alone,Marshmello,128499,EDM/Dance
2026-03-30T11:36:00Z,Animals,Martin Garrix,132239,EDM/Dance
2026-03-30T12:33:00Z,Never Be Like You,Flume,196287,EDM/Dance
2026-03-30T12:41:00Z,Strobe,Deadmau5,197714,EDM/Dance
2026-03-30T21:38:00Z,Holocene,Bon Iver,213578,Mellow/Rock/Hip-Hop
2026-03-31T07:12:00Z,Beautiful Creatures,Illenium,227025,EDM/Dance
2026-03-31T07:57:00Z,Line Of Sight,ODESZA,203114,EDM/Dance
2026-03-31T08:44:00Z,Losing It,Fisher,228888,EDM/Dance
2026-03-31T09:14:00Z,Sheikh Chilli,Raftaar,189145,Mellow/Rock/Hip-Hop
2026-03-31T11:50:00Z,Never Sleep Alone,Kaskade,137679,EDM/Dance
2026-03-31T15:10:00Z,Rap Meri Jaan,KR$NA,179829,Mellow/Rock/Hip-Hop
2026-03-31T20:52:00Z,Rap Meri Jaan,KR$NA,129206,Mellow/Rock/Hip-Hop
2026-03-31T22:57:00Z,Line Of Sight,ODESZA,100233,EDM/Dance
2026-03-31T23:48:00Z,Rap Meri Jaan,KR$NA,120806,Mellow/Rock/Hip-Hop
2026-04-01T07:45:00Z,Clarity,Zedd,91864,EDM/Dance
2026-04-01T16:38:00Z,Nude,Radiohead,232535,Mellow/Rock/Hip-Hop
2026-04-01T18:37:00Z,Namastute,Seedhe Maut,115615,Mellow/Rock/Hip-Hop
2026-04-01T20:23:00Z,Mumbai 10,Divine,117940,Mellow/Rock/Hip-Hop
2026-04-01T22:49:00Z,Never Be Like You,Flume,150951,EDM/Dance
2026-04-01T23:00:00Z,Beautiful Creatures,Illenium,188311,EDM/Dance
2026-04-02T12:23:00Z,Suno,Prabh Deep,236563,Mellow/Rock/Hip-Hop
2026-04-02T13:26:00Z,Never Sleep Alone,Kaskade,234730,EDM/Dance
2026-04-02T16:36:00Z,Never Be Like You,Flume,180270,EDM/Dance
2026-04-02T20:36:00Z,Never Be Like You,Flume,185851,EDM/Dance
2026-04-03T08:10:00Z,Sheikh Chilli,Raftaar,192001,Mellow/Rock/Hip-Hop
2026-04-03T09:38:00Z,Losing It,Fisher,99897,EDM/Dance
2026-04-03T09:52:00Z,Weird Fishes/Arpeggi,Radiohead,128096,Mellow/Rock/Hip-Hop
2026-04-03T14:28:00Z,Nude,Radiohead,132413,Mellow/Rock/Hip-Hop
2026-04-03T16:12:00Z,Alone,Marshmello,98810,EDM/Dance
2026-04-03T19:50:00Z,Alone,Marshmello,178719,EDM/Dance
2026-04-03T20:05:00Z,Strobe,Deadmau5,106798,EDM/Dance
2026-04-03T22:28:00Z,Everything In Its Right Place,Radiohead,92807,Mellow/Rock/Hip-Hop
2026-04-03T23:18:00Z,Namastute,Seedhe Maut,105063,Mellow/Rock/Hip-Hop
2026-04-04T09:35:00Z,Beautiful Creatures,Illenium,164578,EDM/Dance
2026-04-04T12:05:00Z,Animals,Martin Garrix,162335,EDM/Dance
2026-04-04T12:26:00Z,Never Be Like You,Flume,222707,EDM/Dance
2026-04-04T12:43:00Z,Clarity,Zedd,99453,EDM/Dance
2026-04-04T15:56:00Z,Rap Meri Jaan,KR$NA,231008,Mellow/Rock/Hip-Hop
2026-04-04T18:22:00Z,Rap Meri Jaan,KR$NA,162484,Mellow/Rock/Hip-Hop
2026-04-04T19:25:00Z,Mumbai 10,Divine,142510,Mellow/Rock/Hip-Hop
2026-04-04T21:59:00Z,Clarity,Zedd,195894,EDM/Dance
2026-04-04T23:18:00Z,Beautiful Creatures,Illenium,179120,EDM/Dance
2026-04-05T09:35:00Z,Losing It,Fisher,136788,EDM/Dance
2026-04-05T13:57:00Z,Losing It,Fisher,160536,EDM/Dance
2026-04-05T14:18:00Z,Never Be Like You,Flume,114381,EDM/Dance
2026-04-05T14:51:00Z,Clarity,Zedd,172766,EDM/Dance
2026-04-05T19:36:00Z,Heroes,Alesso,216780,EDM/Dance
2026-04-05T21:43:00Z,Mumbai 10,Divine,210775,Mellow/Rock/Hip-Hop
2026-04-05T22:07:00Z,Weird Fishes/Arpeggi,Radiohead,157585,Mellow/Rock/Hip-Hop
2026-04-05T22:47:00Z,Clarity,Zedd,142341,EDM/Dance
2026-04-05T23:34:00Z,Losing It,Fisher,92548,EDM/Dance
2026-04-06T08:54:00Z,Rap Meri Jaan,KR$NA,216429,Mellow/Rock/Hip-Hop
2026-04-06T11:49:00Z,Mumbai 10,Divine,117967,Mellow/Rock/Hip-Hop
2026-04-06T14:12:00Z,Holocene,Bon Iver,155456,Mellow/Rock/Hip-Hop
2026-04-06T22:39:00Z,Beautiful Creatures,Illenium,91736,EDM/Dance
2026-04-07T08:32:00Z,Alone,Marshmello,181039,EDM/Dance
2026-04-07T08:33:00Z,Everything In Its Right Place,Radiohead,200933,Mellow/Rock/Hip-Hop
2026-04-07T15:25:00Z,Rap Meri Jaan,KR$NA,148220,Mellow/Rock/Hip-Hop
2026-04-07T15:31:00Z,Strobe,Deadmau5,137938,EDM/Dance
2026-04-07T21:07:00Z,Line Of Sight,ODESZA,225844,EDM/Dance
2026-04-08T11:36:00Z,Line Of Sight,ODESZA,149917,EDM/Dance
2026-04-08T15:11:00Z,Strobe,Deadmau5,233802,EDM/Dance
2026-04-08T18:54:00Z,Losing It,Fisher,195012,EDM/Dance
2026-04-08T19:37:00Z,Clarity,Zedd,116410,EDM/Dance
2026-04-08T20:13:00Z,Heroes,Alesso,199862,EDM/Dance
2026-04-08T22:39:00Z,Never Be Like You,Flume,179940,EDM/Dance
2026-04-09T08:25:00Z,Strobe,Deadmau5,115945,EDM/Dance
2026-04-09T11:57:00Z,Heroes,Alesso,225530,EDM/Dance
2026-04-09T13:36:00Z,Losing It,Fisher,231148,EDM/Dance
2026-04-09T13:52:00Z,Animals,Martin Garrix,156660,EDM/Dance
2026-04-09T15:22:00Z,Losing It,Fisher,95199,EDM/Dance
2026-04-09T20:54:00Z,Clarity,Zedd,189846,EDM/Dance
2026-04-09T21:47:00Z,Beautiful Creatures,Illenium,177728,EDM/Dance
2026-04-09T22:19:00Z,Losing It,Fisher,155791,EDM/Dance
2026-04-09T22:51:00Z,Line Of Sight,ODESZA,92553,EDM/Dance
2026-04-10T09:10:00Z,Beautiful Creatures,Illenium,180079,EDM/Dance
2026-04-10T16:29:00Z,Namastute,Seedhe Maut,127971,Mellow/Rock/Hip-Hop
2026-04-10T20:40:00Z,Mumbai 10,Divine,239851,Mellow/Rock/Hip-Hop
2026-04-10T23:31:00Z,Losing It,Fisher,207160,EDM/Dance
2026-04-11T11:46:00Z,Animals,Martin Garrix,151506,EDM/Dance
2026-04-11T13:10:00Z,Beautiful Creatures,Illenium,194083,EDM/Dance
2026-04-11T19:17:00Z,Never Be Like You,Flume,206627,EDM/Dance
2026-04-11T23:28:00Z,Mumbai 10,Divine,198524,Mellow/Rock/Hip-Hop
2026-04-12T08:01:00Z,Suno,Prabh Deep,194074,Mellow/Rock/Hip-Hop
2026-04-12T10:16:00Z,Beautiful Creatures,Illenium,130704,EDM/Dance
2026-04-12T16:14:00Z,Never Sleep Alone,Kaskade,154853,EDM/Dance
2026-04-13T07:00:00Z,Never Be Like You,Flume,227184,EDM/Dance
2026-04-13T12:37:00Z,Alone,Marshmello,209680,EDM/Dance
2026-04-13T15:35:00Z,Alone,Marshmello,206613,EDM/Dance
2026-04-13T16:23:00Z,Suno,Prabh Deep,198056,Mellow/Rock/Hip-Hop
2026-04-13T17:55:00Z,Losing It,Fisher,214821,EDM/Dance
2026-04-13T20:33:00Z,Strobe,Deadmau5,229928,EDM/Dance
2026-04-13T22:34:00Z,Losing It,Fisher,149540,EDM/Dance
2026-04-13T23:53:00Z,Line Of Sight,ODESZA,134723,EDM/Dance
2026-04-14T10:40:00Z,Never Be Like You,Flume,209365,EDM/Dance
2026-04-14T12:45:00Z,Clarity,Zedd,192163,EDM/Dance
2026-04-14T13:54:00Z,Never Sleep Alone,Kaskade,107947,EDM/Dance
2026-04-14T14:50:00Z,Never Be Like You,Flume,91892,EDM/Dance
2026-04-14T15:05:00Z,Holocene,Bon Iver,200687,Mellow/Rock/Hip-Hop
2026-04-14T15:18:00Z,Alone,Marshmello,229445,EDM/Dance
2026-04-14T20:56:00Z,Clarity,Zedd,236945,EDM/Dance
2026-04-14T22:19:00Z,Heroes,Alesso,92394,EDM/Dance
2026-04-14T22:34:00Z,Never Be Like You,Flume,92180,EDM/Dance
2026-04-15T07:11:00Z,Alone,Marshmello,116810,EDM/Dance
2026-04-15T07:31:00Z,Line Of Sight,ODESZA,146934,EDM/Dance
2026-04-15T09:34:00Z,Never Sleep Alone,Kaskade,213246,EDM/Dance
2026-04-15T13:20:00Z,Heroes,Alesso,95084,EDM/Dance
2026-04-15T17:05:00Z,Animals,Martin Garrix,128296,EDM/Dance
2026-04-15T21:46:00Z,Line Of Sight,ODESZA,92150,EDM/Dance
2026-04-15T22:23:00Z,Never Be Like You,Flume,211552,EDM/Dance
2026-04-16T07:07:00Z,Namastute,Seedhe Maut,155263,Mellow/Rock/Hip-Hop
2026-04-16T14:47:00Z,Heroes,Alesso,98784,EDM/Dance
2026-04-16T17:10:00Z,Never Be Like You,Flume,101058,EDM/Dance
2026-04-16T23:42:00Z,Beautiful Creatures,Illenium,144643,EDM/Dance
2026-04-17T07:10:00Z,Losing It,Fisher,162377,EDM/Dance
2026-04-17T08:22:00Z,Weird Fishes/Arpeggi,Radiohead,130348,Mellow/Rock/Hip-Hop
2026-04-17T09:43:00Z,Heroes,Alesso,178715,EDM/Dance
2026-04-17T11:23:00Z,Heroes,Alesso,113456,EDM/Dance
2026-04-17T11:31:00Z,Beautiful Creatures,Illenium,150994,EDM/Dance
2026-04-17T13:07:00Z,Animals,Martin Garrix,151857,EDM/Dance
2026-04-17T14:00:00Z,Never Sleep Alone,Kaskade,101008,EDM/Dance
2026-04-17T22:40:00Z,Never Be Like You,Flume,168332,EDM/Dance
2026-04-18T17:46:00Z,Losing It,Fisher,212786,EDM/Dance
2026-04-18T18:46:00Z,Never Sleep Alone,Kaskade,125319,EDM/Dance
2026-04-18T21:46:00Z,Losing It,Fisher,140584,EDM/Dance
2026-04-18T22:12:00Z,Alone,Marshmello,238557,EDM/Dance
2026-04-18T22:45:00Z,Animals,Martin Garrix,204688,EDM/Dance
2026-04-19T12:04:00Z,Alone,Marshmello,229234,EDM/Dance
2026-04-19T15:34:00Z,Never Be Like You,Flume,186236,EDM/Dance
2026-04-19T18:49:00Z,Sheikh Chilli,Raftaar,152596,Mellow/Rock/Hip-Hop
2026-04-19T19:12:00Z,Beautiful Creatures,Illenium,227381,EDM/Dance
2026-04-19T19:46:00Z,Alone,Marshmello,138636,EDM/Dance
2026-04-20T09:00:00Z,Clarity,Zedd,144719,EDM/Dance
2026-04-20T10:33:00Z,Beautiful Creatures,Illenium,107479,EDM/Dance
2026-04-20T12:55:00Z,Line Of Sight,ODESZA,98198,EDM/Dance
2026-04-20T13:06:00Z,Heroes,Alesso,98340,EDM/Dance
2026-04-20T16:20:00Z,Strobe,Deadmau5,197427,EDM/Dance
2026-04-20T18:50:00Z,Never Sleep Alone,Kaskade,105283,EDM/Dance
2026-04-20T21:51:00Z,Beautiful Creatures,Illenium,105912,EDM/Dance
2026-04-20T22:33:00Z,Never Sleep Alone,Kaskade,157092,EDM/Dance
2026-04-21T10:10:00Z,Never Sleep Alone,Kaskade,137289,EDM/Dance
2026-04-21T10:46:00Z,Nude,Radiohead,150559,Mellow/Rock/Hip-Hop
2026-04-21T13:33:00Z,Clarity,Zedd,155211,EDM/Dance
2026-04-21T16:04:00Z,Beautiful Creatures,Illenium,146596,EDM/Dance
2026-04-21T17:42:00Z,Alone,Marshmello,131465,EDM/Dance
2026-04-21T17:54:00Z,Rap Meri Jaan,KR$NA,187444,Mellow/Rock/Hip-Hop
2026-04-21T18:43:00Z,Strobe,Deadmau5,210250,EDM/Dance
2026-04-21T20:47:00Z,Line Of Sight,ODESZA,117659,EDM/Dance
2026-04-21T21:59:00Z,Strobe,Deadmau5,182359,EDM/Dance
2026-04-22T07:19:00Z,Fake Empire,The National,148166,Mellow/Rock/Hip-Hop
2026-04-22T07:33:00Z,Sheikh Chilli,Raftaar,125411,Mellow/Rock/Hip-Hop
2026-04-22T07:46:00Z,Never Sleep Alone,Kaskade,99086,EDM/Dance
2026-04-22T07:49:00Z,Losing It,Fisher,162340,EDM/Dance
2026-04-22T14:36:00Z,Losing It,Fisher,233032,EDM/Dance
2026-04-22T15:23:00Z,Alone,Marshmello,208594,EDM/Dance
2026-04-23T08:46:00Z,Never Be Like You,Flume,190020,EDM/Dance
2026-04-23T11:06:00Z,Strobe,Deadmau5,99892,EDM/Dance
2026-04-23T11:16:00Z,Line Of Sight,ODESZA,186228,EDM/Dance
2026-04-23T12:31:00Z,Heroes,Alesso,114999,EDM/Dance
2026-04-23T13:46:00Z,Never Sleep Alone,Kaskade,110237,EDM/Dance
2026-04-23T14:16:00Z,Holocene,Bon Iver,168722,Mellow/Rock/Hip-Hop
2026-04-23T17:22:00Z,Animals,Martin Garrix,203850,EDM/Dance
2026-04-24T07:40:00Z,Clarity,Zedd,190266,EDM/Dance
2026-04-24T08:20:00Z,Alone,Marshmello,231539,EDM/Dance
2026-04-24T09:30:00Z,Losing It,Fisher,239799,EDM/Dance
2026-04-24T16:50:00Z,Never Sleep Alone,Kaskade,193369,EDM/Dance
2026-04-24T21:48:00Z,Never Sleep Alone,Kaskade,222311,EDM/Dance
2026-04-24T23:44:00Z,Losing It,Fisher,147880,EDM/Dance
2026-04-25T09:07:00Z,Strobe,Deadmau5,198418,EDM/Dance
2026-04-25T11:28:00Z,Heroes,Alesso,101764,EDM/Dance
2026-04-25T11:30:00Z,Everything In Its Right Place,Radiohead,236616,Mellow/Rock/Hip-Hop
2026-04-25T13:20:00Z,Losing It,Fisher,180315,EDM/Dance
2026-04-25T13:35:00Z,Never Sleep Alone,Kaskade,227428,EDM/Dance
2026-04-25T15:49:00Z,Beautiful Creatures,Illenium,202739,EDM/Dance
2026-04-25T16:10:00Z,Animals,Martin Garrix,181676,EDM/Dance
2026-04-25T19:32:00Z,Beautiful Creatures,Illenium,203899,EDM/Dance
2026-04-26T08:18:00Z,Line Of Sight,ODESZA,142611,EDM/Dance
2026-04-26T09:07:00Z,Line Of Sight,ODESZA,104296,EDM/Dance
2026-04-26T09:24:00Z,Animals,Martin Garrix,161122,EDM/Dance
2026-04-26T11:55:00Z,Strobe,Deadmau5,165414,EDM/Dance
2026-04-26T13:13:00Z,Clarity,Zedd,233241,EDM/Dance
2026-04-26T15:03:00Z,Sheikh Chilli,Raftaar,211886,Mellow/Rock/Hip-Hop
2026-04-26T16:28:00Z,Beautiful Creatures,Illenium,213519,EDM/Dance
2026-04-26T19:37:00Z,Animals,Martin Garrix,228097,EDM/Dance
2026-04-26T22:39:00Z,Never Be Like You,Flume,127053,EDM/Dance
2026-04-27T07:02:00Z,Heroes,Alesso,154852,EDM/Dance
2026-04-27T07:18:00Z,Beautiful Creatures,Illenium,191324,EDM/Dance
2026-04-27T09:11:00Z,Suno,Prabh Deep,142133,Mellow/Rock/Hip-Hop
2026-04-27T14:32:00Z,Never Be Like You,Flume,162319,EDM/Dance
2026-04-27T17:31:00Z,Fake Empire,The National,193127,Mellow/Rock/Hip-Hop
2026-04-27T18:43:00Z,Animals,Martin Garrix,182251,EDM/Dance
2026-04-27T19:56:00Z,Never Be Like You,Flume,97724,EDM/Dance
2026-04-27T23:45:00Z,Never Sleep Alone,Kaskade,116110,EDM/Dance
2026-04-28T11:27:00Z,Strobe,Deadmau5,171889,EDM/Dance
2026-04-28T11:27:00Z,Alone,Marshmello,128050,EDM/Dance
2026-04-28T12:20:00Z,Strobe,Deadmau5,107777,EDM/Dance
2026-04-28T13:55:00Z,Line Of Sight,ODESZA,126204,EDM/Dance
2026-04-28T19:42:00Z,Losing It,Fisher,125982,EDM/Dance
2026-04-28T21:34:00Z,Mumbai 10,Divine,124543,Mellow/Rock/Hip-Hop
2026-04-28T23:43:00Z,Never Sleep Alone,Kaskade,149618,EDM/Dance
2026-04-29T07:48:00Z,Line Of Sight,ODESZA,159956,EDM/Dance
2026-04-29T11:49:00Z,Never Be Like You,Flume,139265,EDM/Dance
2026-04-29T14:38:00Z,Strobe,Deadmau5,150865,EDM/Dance
2026-04-29T17:53:00Z,Line Of Sight,ODESZA,128147,EDM/Dance
2026-04-29T18:05:00Z,Animals,Martin Garrix,214938,EDM/Dance
2026-04-29T20:26:00Z,Losing It,Fisher,169520,EDM/Dance
2026-04-29T22:45:00Z,Strobe,Deadmau5,188031,EDM/Dance
2026-04-30T12:12:00Z,Line Of Sight,ODESZA,149316,EDM/Dance
2026-04-30T13:04:00Z,Clarity,Zedd,136419,EDM/Dance
2026-04-30T15:26:00Z,Animals,Martin Garrix,148341,EDM/Dance
2026-04-30T22:44:00Z,Suno,Prabh Deep,175169,Mellow/Rock/Hip-Hop
2026-05-01T08:38:00Z,Never Sleep Alone,Kaskade,189712,EDM/Dance
2026-05-01T09:46:00Z,Heroes,Alesso,221244,EDM/Dance
2026-05-01T19:33:00Z,Weird Fishes/Arpeggi,Radiohead,102922,Mellow/Rock/Hip-Hop
2026-05-01T19:56:00Z,Heroes,Alesso,169837,EDM/Dance
2026-05-01T21:10:00Z,Never Be Like You,Flume,200745,EDM/Dance
2026-05-01T21:52:00Z,Heroes,Alesso,101119,EDM/Dance
2026-05-01T23:34:00Z,Holocene,Bon Iver,193707,Mellow/Rock/Hip-Hop
2026-05-01T23:41:00Z,Never Sleep Alone,Kaskade,100095,EDM/Dance
2026-05-01T23:57:00Z,Animals,Martin Garrix,127287,EDM/Dance
2026-05-02T11:25:00Z,Alone,Marshmello,198412,EDM/Dance
2026-05-02T12:29:00Z,Animals,Martin Garrix,142935,EDM/Dance
2026-05-02T15:20:00Z,Nude,Radiohead,132990,Mellow/Rock/Hip-Hop
2026-05-03T12:24:00Z,Alone,Marshmello,234269,EDM/Dance
2026-05-03T12:49:00Z,Line Of Sight,ODESZA,103450,EDM/Dance
2026-05-03T13:00:00Z,Line Of Sight,ODESZA,156351,EDM/Dance
2026-05-03T14:13:00Z,Heroes,Alesso,214705,EDM/Dance
2026-05-03T17:36:00Z,Line Of Sight,ODESZA,129345,EDM/Dance
2026-05-03T18:05:00Z,Heroes,Alesso,227315,EDM/Dance
2026-05-03T21:18:00Z,Never Be Like You,Flume,137368,EDM/Dance
2026-05-03T22:34:00Z,Heroes,Alesso,91507,EDM/Dance
2026-05-04T07:15:00Z,Strobe,Deadmau5,233482,EDM/Dance
2026-05-04T08:09:00Z,Losing It,Fisher,98501,EDM/Dance
2026-05-04T12:10:00Z,Never Sleep Alone,Kaskade,164548,EDM/Dance
2026-05-04T12:29:00Z,Strobe,Deadmau5,184421,EDM/Dance
2026-05-04T13:03:00Z,Alone,Marshmello,138454,EDM/Dance
2026-05-04T16:21:00Z,Strobe,Deadmau5,112990,EDM/Dance
2026-05-05T09:18:00Z,Alone,Marshmello,213421,EDM/Dance
2026-05-05T17:33:00Z,Never Be Like You,Flume,198464,EDM/Dance
2026-05-05T19:52:00Z,Losing It,Fisher,107738,EDM/Dance
2026-05-06T10:01:00Z,Weird Fishes/Arpeggi,Radiohead,211866,Mellow/Rock/Hip-Hop
2026-05-06T10:36:00Z,Animals,Martin Garrix,228660,EDM/Dance
2026-05-06T13:51:00Z,Beautiful Creatures,Illenium,198693,EDM/Dance
2026-05-06T14:45:00Z,Line Of Sight,ODESZA,166149,EDM/Dance
2026-05-06T16:27:00Z,Suno,Prabh Deep,172965,Mellow/Rock/Hip-Hop
2026-05-06T18:59:00Z,Strobe,Deadmau5,124003,EDM/Dance
2026-05-06T23:46:00Z,Heroes,Alesso,220479,EDM/Dance
2026-05-07T07:07:00Z,Losing It,Fisher,177368,EDM/Dance
2026-05-07T07:40:00Z,Clarity,Zedd,142740,EDM/Dance
2026-05-07T07:53:00Z,Strobe,Deadmau5,136040,EDM/Dance
2026-05-07T09:19:00Z,Never Be Like You,Flume,168717,EDM/Dance
2026-05-07T22:09:00Z,Everything In Its Right Place,Radiohead,210748,Mellow/Rock/Hip-Hop
2026-05-07T22:58:00Z,Losing It,Fisher,214387,EDM/Dance
2026-05-08T07:13:00Z,Losing It,Fisher,176958,EDM/Dance
2026-05-08T08:49:00Z,Losing It,Fisher,142978,EDM/Dance
2026-05-08T08:53:00Z,Never Sleep Alone,Kaskade,226596,EDM/Dance
2026-05-08T09:09:00Z,Losing It,Fisher,163520,EDM/Dance
2026-05-08T13:33:00Z,Never Be Like You,Flume,169250,EDM/Dance
2026-05-08T17:45:00Z,Fake Empire,The National,98291,Mellow/Rock/Hip-Hop
2026-05-08T19:11:00Z,Sheikh Chilli,Raftaar,120630,Mellow/Rock/Hip-Hop
2026-05-08T19:40:00Z,Mumbai 10,Divine,230056,Mellow/Rock/Hip-Hop
2026-05-08T22:56:00Z,Beautiful Creatures,Illenium,152296,EDM/Dance
2026-05-09T23:09:00Z,Heroes,Alesso,139862,EDM/Dance
2026-05-09T23:19:00Z,Heroes,Alesso,175809,EDM/Dance
2026-05-09T23:43:00Z,Beautiful Creatures,Illenium,124791,EDM/Dance
2026-05-10T09:21:00Z,Sheikh Chilli,Raftaar,212388,Mellow/Rock/Hip-Hop
2026-05-10T10:00:00Z,Alone,Marshmello,171521,EDM/Dance
2026-05-10T13:20:00Z,Never Be Like You,Flume,142574,EDM/Dance
2026-05-10T23:49:00Z,Nude,Radiohead,171914,Mellow/Rock/Hip-Hop
2026-05-11T07:39:00Z,Beautiful Creatures,Illenium,236702,EDM/Dance
2026-05-11T10:17:00Z,Heroes,Alesso,129143,EDM/Dance
2026-05-11T14:10:00Z,Never Be Like You,Flume,108675,EDM/Dance
2026-05-11T18:35:00Z,Clarity,Zedd,173488,EDM/Dance
2026-05-12T08:08:00Z,Heroes,Alesso,97600,EDM/Dance
2026-05-12T09:59:00Z,Alone,Marshmello,212079,EDM/Dance
2026-05-12T10:24:00Z,Animals,Martin Garrix,104103,EDM/Dance
2026-05-12T12:45:00Z,Never Sleep Alone,Kaskade,206873,EDM/Dance
2026-05-12T17:52:00Z,Never Be Like You,Flume,141943,EDM/Dance
2026-05-13T10:22:00Z,Heroes,Alesso,215475,EDM/Dance
2026-05-13T10:29:00Z,Suno,Prabh Deep,171367,Mellow/Rock/Hip-Hop
2026-05-13T15:58:00Z,Strobe,Deadmau5,185276,EDM/Dance
2026-05-13T16:49:00Z,Line Of Sight,ODESZA,181387,EDM/Dance
2026-05-13T17:29:00Z,Losing It,Fisher,217796,EDM/Dance
2026-05-13T22:14:00Z,Heroes,Alesso,148666,EDM/Dance
2026-05-13T23:06:00Z,Line Of Sight,ODESZA,196348,EDM/Dance
2026-05-14T09:13:00Z,Animals,Martin Garrix,126416,EDM/Dance
2026-05-14T09:50:00Z,Alone,Marshmello,169198,EDM/Dance
2026-05-14T10:43:00Z,Nude,Radiohead,189329,Mellow/Rock/Hip-Hop
2026-05-14T14:11:00Z,Losing It,Fisher,110419,EDM/Dance
2026-05-14T19:04:00Z,Heroes,Alesso,179316,EDM/Dance
2026-05-14T20:15:00Z,Never Sleep Alone,Kaskade,153882,EDM/Dance
2026-05-14T20:50:00Z,Strobe,Deadmau5,204125,EDM/Dance
2026-05-14T21:11:00Z,Beautiful Creatures,Illenium,170749,EDM/Dance
2026-05-14T22:07:00Z,Strobe,Deadmau5,211348,EDM/Dance
2026-05-15T11:42:00Z,Animals,Martin Garrix,129116,EDM/Dance
2026-05-15T16:36:00Z,Losing It,Fisher,169835,EDM/Dance
2026-05-15T18:05:00Z,Namastute,Seedhe Maut,92128,Mellow/Rock/Hip-Hop
2026-05-15T18:07:00Z,Weird Fishes/Arpeggi,Radiohead,163979,Mellow/Rock/Hip-Hop
2026-05-15T18:57:00Z,Weird Fishes/Arpeggi,Radiohead,233886,Mellow/Rock/Hip-Hop
2026-05-15T19:39:00Z,Never Be Like You,Flume,207220,EDM/Dance
2026-05-15T19:54:00Z,Alone,Marshmello,123437,EDM/Dance
2026-05-16T09:08:00Z,Everything In Its Right Place,Radiohead,199014,Mellow/Rock/Hip-Hop
2026-05-16T11:00:00Z,Everything In Its Right Place,Radiohead,108807,Mellow/Rock/Hip-Hop
2026-05-16T19:27:00Z,Never Sleep Alone,Kaskade,232899,EDM/Dance
2026-05-16T19:40:00Z,Strobe,Deadmau5,173395,EDM/Dance
2026-05-16T20:09:00Z,Losing It,Fisher,165620,EDM/Dance
2026-05-16T20:39:00Z,Sheikh Chilli,Raftaar,137132,Mellow/Rock/Hip-Hop
2026-05-16T21:24:00Z,Never Sleep Alone,Kaskade,183141,EDM/Dance
2026-05-16T22:08:00Z,Line Of Sight,ODESZA,139342,EDM/Dance
2026-05-16T22:42:00Z,Line Of Sight,ODESZA,204487,EDM/Dance
2026-05-17T08:36:00Z,Animals,Martin Garrix,216685,EDM/Dance
2026-05-17T20:59:00Z,Never Be Like You,Flume,233174,EDM/Dance
2026-05-17T22:44:00Z,Beautiful Creatures,Illenium,110988,EDM/Dance
2026-05-17T22:54:00Z,Strobe,Deadmau5,152062,EDM/Dance
2026-05-18T07:30:00Z,Rap Meri Jaan,KR$NA,209022,Mellow/Rock/Hip-Hop
2026-05-18T09:15:00Z,Strobe,Deadmau5,213850,EDM/Dance
2026-05-18T16:39:00Z,Beautiful Creatures,Illenium,103834,EDM/Dance
2026-05-18T21:33:00Z,Never Be Like You,Flume,110508,EDM/Dance
2026-05-19T07:18:00Z,Never Be Like You,Flume,217076,EDM/Dance
2026-05-19T09:54:00Z,Alone,Marshmello,162836,EDM/Dance
2026-05-19T12:36:00Z,Heroes,Alesso,103531,EDM/Dance
2026-05-19T12:58:00Z,Beautiful Creatures,Illenium,129619,EDM/Dance
2026-05-19T15:17:00Z,Strobe,Deadmau5,157359,EDM/Dance
2026-05-19T16:46:00Z,Animals,Martin Garrix,237772,EDM/Dance
2026-05-19T20:22:00Z,Losing It,Fisher,167232,EDM/Dance
2026-05-20T08:10:00Z,Beautiful Creatures,Illenium,211638,EDM/Dance
2026-05-20T08:41:00Z,Losing It,Fisher,159309,EDM/Dance
2026-05-20T14:31:00Z,Fake Empire,The National,137398,Mellow/Rock/Hip-Hop
2026-05-20T17:05:00Z,Weird Fishes/Arpeggi,Radiohead,128029,Mellow/Rock/Hip-Hop
2026-05-20T21:46:00Z,Clarity,Zedd,133852,EDM/Dance
2026-05-20T22:16:00Z,Never Sleep Alone,Kaskade,128050,EDM/Dance
2026-05-20T22:47:00Z,Never Be Like You,Flume,229597,EDM/Dance
2026-05-20T22:48:00Z,Line Of Sight,ODESZA,198251,EDM/Dance
2026-05-21T07:26:00Z,Beautiful Creatures,Illenium,115611,EDM/Dance
2026-05-21T10:58:00Z,Weird Fishes/Arpeggi,Radiohead,229275,Mellow/Rock/Hip-Hop
2026-05-21T13:33:00Z,Clarity,Zedd,178449,EDM/Dance
2026-05-21T15:21:00Z,Never Sleep Alone,Kaskade,160864,EDM/Dance
2026-05-21T15:41:00Z,Beautiful Creatures,Illenium,192538,EDM/Dance
2026-05-21T17:35:00Z,Line Of Sight,ODESZA,92772,EDM/Dance
2026-05-21T19:43:00Z,Heroes,Alesso,172755,EDM/Dance
2026-05-22T09:03:00Z,Strobe,Deadmau5,146839,EDM/Dance
2026-05-22T10:05:00Z,Nude,Radiohead,124054,Mellow/Rock/Hip-Hop
2026-05-22T12:57:00Z,Strobe,Deadmau5,119057,EDM/Dance
2026-05-22T15:49:00Z,Beautiful Creatures,Illenium,106354,EDM/Dance
2026-05-22T16:16:00Z,Clarity,Zedd,140614,EDM/Dance
2026-05-22T16:29:00Z,Never Be Like You,Flume,109848,EDM/Dance
2026-05-22T20:44:00Z,Never Be Like You,Flume,174778,EDM/Dance
2026-05-23T08:42:00Z,Animals,Martin Garrix,192362,EDM/Dance
2026-05-23T10:02:00Z,Fake Empire,The National,109115,Mellow/Rock/Hip-Hop
2026-05-23T15:11:00Z,Fake Empire,The National,205494,Mellow/Rock/Hip-Hop
2026-05-23T19:11:00Z,Clarity,Zedd,218989,EDM/Dance
2026-05-23T20:13:00Z,Alone,Marshmello,117852,EDM/Dance
2026-05-23T21:01:00Z,Never Be Like You,Flume,220469,EDM/Dance
2026-05-24T07:32:00Z,Never Sleep Alone,Kaskade,218628,EDM/Dance
2026-05-24T09:34:00Z,Never Sleep Alone,Kaskade,149204,EDM/Dance
2026-05-24T10:36:00Z,Heroes,Alesso,230326,EDM/Dance
2026-05-24T17:43:00Z,Mumbai 10,Divine,169384,Mellow/Rock/Hip-Hop
2026-05-24T18:34:00Z,Beautiful Creatures,Illenium,179145,EDM/Dance
2026-05-25T13:11:00Z,Never Be Like You,Flume,235352,EDM/Dance
2026-05-25T13:19:00Z,Never Sleep Alone,Kaskade,192263,EDM/Dance
2026-05-25T22:05:00Z,Mumbai 10,Divine,204814,Mellow/Rock/Hip-Hop
2026-05-26T07:02:00Z,Suno,Prabh Deep,178941,Mellow/Rock/Hip-Hop
2026-05-26T08:15:00Z,Strobe,Deadmau5,124219,EDM/Dance
2026-05-26T14:31:00Z,Animals,Martin Garrix,191913,EDM/Dance
2026-05-26T14:59:00Z,Strobe,Deadmau5,108883,EDM/Dance
2026-05-26T16:31:00Z,Alone,Marshmello,229969,EDM/Dance
2026-05-26T19:07:00Z,Animals,Martin Garrix,145490,EDM/Dance
2026-05-26T21:43:00Z,Rap Meri Jaan,KR$NA,230656,Mellow/Rock/Hip-Hop
2026-05-26T22:41:00Z,Line Of Sight,ODESZA,94997,EDM/Dance
2026-05-27T10:07:00Z,Nude,Radiohead,220323,Mellow/Rock/Hip-Hop
2026-05-27T10:29:00Z,Never Be Like You,Flume,134745,EDM/Dance
2026-05-27T14:04:00Z,Strobe,Deadmau5,143121,EDM/Dance
2026-05-28T08:37:00Z,Clarity,Zedd,135468,EDM/Dance
2026-05-28T11:06:00Z,Weird Fishes/Arpeggi,Radiohead,188600,Mellow/Rock/Hip-Hop
2026-05-28T12:28:00Z,Losing It,Fisher,153869,EDM/Dance
2026-05-28T15:09:00Z,Beautiful Creatures,Illenium,198830,EDM/Dance
2026-05-28T17:07:00Z,Namastute,Seedhe Maut,233100,Mellow/Rock/Hip-Hop
2026-05-28T22:05:00Z,Animals,Martin Garrix,91664,EDM/Dance
2026-05-29T11:40:00Z,Clarity,Zedd,161027,EDM/Dance
2026-05-29T14:11:00Z,Never Sleep Alone,Kaskade,99862,EDM/Dance
2026-05-29T16:26:00Z,Strobe,Deadmau5,214783,EDM/Dance
2026-05-30T08:41:00Z,Animals,Martin Garrix,185471,EDM/Dance
2026-05-30T13:07:00Z,Clarity,Zedd,228988,EDM/Dance
2026-05-30T13:17:00Z,Heroes,Alesso,103911,EDM/Dance
2026-05-30T15:21:00Z,Never Sleep Alone,Kaskade,208789,EDM/Dance
2026-05-30T16:22:00Z,Beautiful Creatures,Illenium,199782,EDM/Dance
2026-05-30T18:55:00Z,Sheikh Chilli,Raftaar,231485,Mellow/Rock/Hip-Hop
2026-05-30T22:31:00Z,Line Of Sight,ODESZA,136222,EDM/Dance
2026-05-31T09:57:00Z,Beautiful Creatures,Illenium,151682,EDM/Dance
2026-05-31T12:10:00Z,Alone,Marshmello,97619,EDM/Dance
2026-05-31T17:26:00Z,Strobe,Deadmau5,142101,EDM/Dance
2026-06-01T13:24:00Z,Never Sleep Alone,Kaskade,147845,EDM/Dance
2026-06-01T13:40:00Z,Heroes,Alesso,184002,EDM/Dance
2026-06-01T15:08:00Z,Animals,Martin Garrix,119126,EDM/Dance
2026-06-01T17:08:00Z,Holocene,Bon Iver,98413,Mellow/Rock/Hip-Hop
2026-06-01T17:14:00Z,Beautiful Creatures,Illenium,115706,EDM/Dance
2026-06-01T20:10:00Z,Suno,Prabh Deep,180066,Mellow/Rock/Hip-Hop
2026-06-01T21:11:00Z,Strobe,Deadmau5,191536,EDM/Dance
2026-06-01T22:03:00Z,Strobe,Deadmau5,204259,EDM/Dance
2026-06-02T12:36:00Z,Strobe,Deadmau5,234901,EDM/Dance
2026-06-02T14:15:00Z,Never Sleep Alone,Kaskade,175798,EDM/Dance
2026-06-02T20:54:00Z,Nude,Radiohead,226778,Mellow/Rock/Hip-Hop
2026-06-02T22:53:00Z,Clarity,Zedd,211310,EDM/Dance
2026-06-03T07:30:00Z,Beautiful Creatures,Illenium,169911,EDM/Dance
2026-06-03T08:30:00Z,Animals,Martin Garrix,222177,EDM/Dance
2026-06-03T09:35:00Z,Clarity,Zedd,93256,EDM/Dance
2026-06-03T11:58:00Z,Sheikh Chilli,Raftaar,91331,Mellow/Rock/Hip-Hop
2026-06-03T13:08:00Z,Never Sleep Alone,Kaskade,183953,EDM/Dance
2026-06-03T19:30:00Z,Alone,Marshmello,115689,EDM/Dance
2026-06-04T07:29:00Z,Sheikh Chilli,Raftaar,211572,Mellow/Rock/Hip-Hop
2026-06-04T09:24:00Z,Animals,Martin Garrix,177269,EDM/Dance
2026-06-04T12:50:00Z,Never Sleep Alone,Kaskade,187103,EDM/Dance
2026-06-04T20:48:00Z,Never Be Like You,Flume,160723,EDM/Dance
2026-06-05T09:39:00Z,Clarity,Zedd,178000,EDM/Dance
2026-06-05T13:08:00Z,Alone,Marshmello,177799,EDM/Dance
2026-06-05T15:03:00Z,Never Sleep Alone,Kaskade,106611,EDM/Dance
2026-06-05T17:22:00Z,Clarity,Zedd,160086,EDM/Dance
2026-06-05T18:11:00Z,Losing It,Fisher,236483,EDM/Dance
2026-06-05T19:23:00Z,Nude,Radiohead,211989,Mellow/Rock/Hip-Hop
2026-06-05T22:47:00Z,Beautiful Creatures,Illenium,144996,EDM/Dance
2026-06-05T23:58:00Z,Animals,Martin Garrix,185417,EDM/Dance
2026-06-06T10:30:00Z,Alone,Marshmello,229435,EDM/Dance
2026-06-06T10:44:00Z,Never Be Like You,Flume,128785,EDM/Dance
2026-06-06T12:18:00Z,Never Sleep Alone,Kaskade,110171,EDM/Dance
2026-06-06T13:57:00Z,Nude,Radiohead,210028,Mellow/Rock/Hip-Hop
2026-06-06T16:28:00Z,Alone,Marshmello,186507,EDM/Dance
2026-06-07T16:12:00Z,Animals,Martin Garrix,106501,EDM/Dance
2026-06-07T16:26:00Z,Animals,Martin Garrix,231933,EDM/Dance
2026-06-07T17:31:00Z,Losing It,Fisher,228979,EDM/Dance
2026-06-07T18:26:00Z,Suno,Prabh Deep,206355,Mellow/Rock/Hip-Hop
2026-06-07T21:19:00Z,Suno,Prabh Deep,238701,Mellow/Rock/Hip-Hop
2026-06-07T23:41:00Z,Clarity,Zedd,178048,EDM/Dance
2026-06-08T11:10:00Z,Line Of Sight,ODESZA,152365,EDM/Dance
2026-06-08T11:22:00Z,Weird Fishes/Arpeggi,Radiohead,164549,Mellow/Rock/Hip-Hop
2026-06-08T12:45:00Z,Line Of Sight,ODESZA,230330,EDM/Dance
2026-06-08T14:30:00Z,Never Be Like You,Flume,187491,EDM/Dance
2026-06-09T08:42:00Z,Alone,Marshmello,173084,EDM/Dance
2026-06-09T18:28:00Z,Everything In Its Right Place,Radiohead,231522,Mellow/Rock/Hip-Hop
2026-06-09T21:16:00Z,Line Of Sight,ODESZA,186907,EDM/Dance
2026-06-10T11:51:00Z,Never Be Like You,Flume,238172,EDM/Dance
2026-06-10T17:09:00Z,Heroes,Alesso,91125,EDM/Dance
2026-06-10T19:59:00Z,Animals,Martin Garrix,220919,EDM/Dance
2026-06-10T23:21:00Z,Rap Meri Jaan,KR$NA,167478,Mellow/Rock/Hip-Hop
2026-06-11T09:32:00Z,Heroes,Alesso,193395,EDM/Dance
2026-06-11T10:19:00Z,Alone,Marshmello,96500,EDM/Dance
2026-06-11T13:01:00Z,Never Be Like You,Flume,111912,EDM/Dance
2026-06-11T13:37:00Z,Strobe,Deadmau5,228001,EDM/Dance
2026-06-11T18:24:00Z,Never Sleep Alone,Kaskade,187735,EDM/Dance
2026-06-11T21:22:00Z,Clarity,Zedd,114243,EDM/Dance
2026-06-11T22:57:00Z,Beautiful Creatures,Illenium,100506,EDM/Dance
2026-06-11T23:03:00Z,Losing It,Fisher,184650,EDM/Dance
2026-06-12T09:13:00Z,Heroes,Alesso,206449,EDM/Dance
2026-06-12T20:08:00Z,Namastute,Seedhe Maut,112564,Mellow/Rock/Hip-Hop
2026-06-12T21:18:00Z,Never Sleep Alone,Kaskade,132936,EDM/Dance
2026-06-13T11:12:00Z,Strobe,Deadmau5,138760,EDM/Dance
2026-06-13T15:26:00Z,Never Sleep Alone,Kaskade,135847,EDM/Dance
2026-06-13T17:04:00Z,Alone,Marshmello,188506,EDM/Dance
2026-06-13T22:02:00Z,Fake Empire,The National,169165,Mellow/Rock/Hip-Hop
2026-06-14T09:38:00Z,Heroes,Alesso,184833,EDM/Dance
2026-06-14T10:23:00Z,Heroes,Alesso,224355,EDM/Dance
2026-06-14T11:22:00Z,Heroes,Alesso,132810,EDM/Dance
2026-06-14T14:01:00Z,Heroes,Alesso,90641,EDM/Dance
2026-06-14T14:01:00Z,Heroes,Alesso,121288,EDM/Dance
2026-06-14T15:10:00Z,Animals,Martin Garrix,105338,EDM/Dance
2026-06-14T20:40:00Z,Losing It,Fisher,183319,EDM/Dance
2026-06-14T20:55:00Z,Strobe,Deadmau5,157609,EDM/Dance
2026-06-14T22:07:00Z,Never Be Like You,Flume,165415,EDM/Dance
2026-06-15T12:34:00Z,Strobe,Deadmau5,174569,EDM/Dance
2026-06-15T15:43:00Z,Fake Empire,The National,185033,Mellow/Rock/Hip-Hop
2026-06-15T23:12:00Z,Beautiful Creatures,Illenium,138037,EDM/Dance
2026-06-16T07:08:00Z,Line Of Sight,ODESZA,225835,EDM/Dance
2026-06-16T20:21:00Z,Heroes,Alesso,132737,EDM/Dance
2026-06-16T23:14:00Z,Line Of Sight,ODESZA,139392,EDM/Dance
2026-06-17T07:47:00Z,Never Be Like You,Flume,121089,EDM/Dance
2026-06-17T08:30:00Z,Alone,Marshmello,121174,EDM/Dance
2026-06-17T10:26:00Z,Alone,Marshmello,210715,EDM/Dance
2026-06-17T11:59:00Z,Nude,Radiohead,94555,Mellow/Rock/Hip-Hop
2026-06-17T14:19:00Z,Line Of Sight,ODESZA,122858,EDM/Dance
2026-06-17T18:08:00Z,Never Be Like You,Flume,205851,EDM/Dance
2026-06-17T20:02:00Z,Heroes,Alesso,141472,EDM/Dance
2026-06-17T20:44:00Z,Beautiful Creatures,Illenium,119287,EDM/Dance
2026-06-17T23:48:00Z,Sheikh Chilli,Raftaar,179665,Mellow/Rock/Hip-Hop
2026-06-18T07:33:00Z,Strobe,Deadmau5,146884,EDM/Dance
2026-06-18T10:50:00Z,Animals,Martin Garrix,122451,EDM/Dance
2026-06-18T13:11:00Z,Holocene,Bon Iver,182152,Mellow/Rock/Hip-Hop
2026-06-18T14:32:00Z,Alone,Marshmello,239483,EDM/Dance
2026-06-18T15:37:00Z,Line Of Sight,ODESZA,181183,EDM/Dance
2026-06-19T07:46:00Z,Alone,Marshmello,115869,EDM/Dance
2026-06-19T09:20:00Z,Animals,Martin Garrix,219423,EDM/Dance
2026-06-19T10:29:00Z,Losing It,Fisher,118918,EDM/Dance
2026-06-19T12:53:00Z,Beautiful Creatures,Illenium,183014,EDM/Dance
2026-06-19T13:32:00Z,Namastute,Seedhe Maut,149651,Mellow/Rock/Hip-Hop
2026-06-19T18:45:00Z,Heroes,Alesso,165568,EDM/Dance
2026-06-19T21:38:00Z,Never Be Like You,Flume,171790,EDM/Dance
2026-06-19T22:23:00Z,Rap Meri Jaan,KR$NA,138529,Mellow/Rock/Hip-Hop
2026-06-20T10:09:00Z,Beautiful Creatures,Illenium,193497,EDM/Dance
2026-06-20T10:25:00Z,Heroes,Alesso,204834,EDM/Dance
2026-06-20T10:47:00Z,Strobe,Deadmau5,134229,EDM/Dance
2026-06-20T17:12:00Z,Clarity,Zedd,195981,EDM/Dance
2026-06-20T18:30:00Z,Never Sleep Alone,Kaskade,196022,EDM/Dance
2026-06-20T20:18:00Z,Alone,Marshmello,202187,EDM/Dance
2026-06-20T22:17:00Z,Never Sleep Alone,Kaskade,161558,EDM/Dance
2026-06-20T22:43:00Z,Beautiful Creatures,Illenium,186322,EDM/Dance
2026-06-21T09:42:00Z,Beautiful Creatures,Illenium,226301,EDM/Dance
2026-06-21T10:07:00Z,Heroes,Alesso,155716,EDM/Dance
2026-06-21T11:01:00Z,Clarity,Zedd,116110,EDM/Dance
2026-06-21T13:18:00Z,Heroes,Alesso,220521,EDM/Dance
2026-06-21T17:09:00Z,Namastute,Seedhe Maut,169364,Mellow/Rock/Hip-Hop
2026-06-21T22:43:00Z,Beautiful Creatures,Illenium,97012,EDM/Dance
2026-06-22T07:48:00Z,Alone,Marshmello,98283,EDM/Dance
2026-06-22T12:31:00Z,Never Be Like You,Flume,202900,EDM/Dance
2026-06-22T19:28:00Z,Nude,Radiohead,172459,Mellow/Rock/Hip-Hop
2026-06-22T21:02:00Z,Suno,Prabh Deep,98613,Mellow/Rock/Hip-Hop
2026-06-22T22:30:00Z,Heroes,Alesso,237391,EDM/Dance
2026-06-22T22:48:00Z,Never Sleep Alone,Kaskade,118673,EDM/Dance
2026-06-23T07:48:00Z,Strobe,Deadmau5,179458,EDM/Dance
2026-06-23T11:53:00Z,Animals,Martin Garrix,186052,EDM/Dance
2026-06-23T14:15:00Z,Clarity,Zedd,171815,EDM/Dance
2026-06-23T16:07:00Z,Beautiful Creatures,Illenium,178498,EDM/Dance
2026-06-23T16:20:00Z,Losing It,Fisher,106101,EDM/Dance
2026-06-23T17:02:00Z,Alone,Marshmello,210824,EDM/Dance
2026-06-23T18:22:00Z,Never Sleep Alone,Kaskade,197984,EDM/Dance
2026-06-23T22:37:00Z,Never Be Like You,Flume,189037,EDM/Dance
2026-06-23T23:57:00Z,Never Sleep Alone,Kaskade,200407,EDM/Dance
2026-06-24T10:51:00Z,Strobe,Deadmau5,218020,EDM/Dance
2026-06-24T12:39:00Z,Mumbai 10,Divine,168517,Mellow/Rock/Hip-Hop
2026-06-24T13:31:00Z,Never Sleep Alone,Kaskade,109744,EDM/Dance
2026-06-24T17:24:00Z,Animals,Martin Garrix,239514,EDM/Dance
2026-06-24T17:31:00Z,Clarity,Zedd,221797,EDM/Dance
2026-06-25T08:19:00Z,Never Be Like You,Flume,195389,EDM/Dance
2026-06-25T09:36:00Z,Never Be Like You,Flume,229215,EDM/Dance
2026-06-25T09:45:00Z,Strobe,Deadmau5,114833,EDM/Dance
2026-06-25T17:12:00Z,Alone,Marshmello,198609,EDM/Dance
2026-06-25T18:50:00Z,Clarity,Zedd,110096,EDM/Dance
2026-06-25T21:17:00Z,Clarity,Zedd,229649,EDM/Dance
2026-06-25T23:29:00Z,Strobe,Deadmau5,233540,EDM/Dance
2026-06-25T23:51:00Z,Never Be Like You,Flume,168619,EDM/Dance
2026-06-25T23:55:00Z,Animals,Martin Garrix,138900,EDM/Dance
2026-06-26T07:15:00Z,Clarity,Zedd,171406,EDM/Dance
2026-06-26T08:33:00Z,Never Sleep Alone,Kaskade,142598,EDM/Dance
2026-06-26T11:01:00Z,Never Be Like You,Flume,157737,EDM/Dance
2026-06-26T12:41:00Z,Never Be Like You,Flume,101070,EDM/Dance
2026-06-26T14:09:00Z,Line Of Sight,ODESZA,168715,EDM/Dance
2026-06-26T14:25:00Z,Never Be Like You,Flume,152516,EDM/Dance
2026-06-26T15:52:00Z,Never Sleep Alone,Kaskade,165247,EDM/Dance
2026-06-26T17:55:00Z,Namastute,Seedhe Maut,106889,Mellow/Rock/Hip-Hop
2026-06-26T20:27:00Z,Alone,Marshmello,99700,EDM/Dance
2026-06-27T14:07:00Z,Line Of Sight,ODESZA,239677,EDM/Dance
2026-06-27T14:38:00Z,Beautiful Creatures,Illenium,122054,EDM/Dance
2026-06-27T15:28:00Z,Clarity,Zedd,197053,EDM/Dance
2026-06-27T17:38:00Z,Beautiful Creatures,Illenium,168113,EDM/Dance
2026-06-27T17:53:00Z,Losing It,Fisher,192223,EDM/Dance
2026-06-27T18:42:00Z,Namastute,Seedhe Maut,113673,Mellow/Rock/Hip-Hop
2026-06-27T20:13:00Z,Holocene,Bon Iver,127821,Mellow/Rock/Hip-Hop
2026-06-27T23:42:00Z,Beautiful Creatures,Illenium,227693,EDM/Dance
2026-06-28T08:53:00Z,Animals,Martin Garrix,104332,EDM/Dance
2026-06-28T15:35:00Z,Clarity,Zedd,190844,EDM/Dance
2026-06-28T18:30:00Z,Everything In Its Right Place,Radiohead,186400,Mellow/Rock/Hip-Hop
2026-06-28T18:44:00Z,Alone,Marshmello,119612,EDM/Dance
2026-06-28T22:43:00Z,Never Sleep Alone,Kaskade,154578,EDM/Dance
2026-06-29T14:54:00Z,Beautiful Creatures,Illenium,205973,EDM/Dance
2026-06-29T15:19:00Z,Never Sleep Alone,Kaskade,113658,EDM/Dance
2026-06-29T16:13:00Z,Holocene,Bon Iver,132002,Mellow/Rock/Hip-Hop
2026-06-29T20:50:00Z,Mumbai 10,Divine,98881,Mellow/Rock/Hip-Hop
2026-06-29T22:30:00Z,Beautiful Creatures,Illenium,198255,EDM/Dance
